<?xml version="1.0" encoding="UTF-8"?>
<project-private xmlns="http://www.netbeans.org/ns/project-private/1">
    <editor-bookmarks xmlns="http://www.netbeans.org/ns/editor-bookmarks/2" lastBookmarkId="0"/>
    <open-files xmlns="http://www.netbeans.org/ns/projectui-open-files/2">
        <group>
            <file>file:/C:/xampp/htdocs/4d/index.php</file>
            <file>file:/C:/xampp/htdocs/4d/templates/app/support.php</file>
            <file>file:/C:/xampp/htdocs/4d/system/BaseController.php</file>
            <file>file:/C:/xampp/htdocs/4d/templates/app/web-development.php</file>
            <file>file:/C:/xampp/htdocs/4d/.env</file>
            <file>file:/C:/xampp/htdocs/4d/templates/app/menus.php</file>
            <file>file:/C:/xampp/htdocs/4d/templates/app/header.php</file>
            <file>file:/C:/xampp/htdocs/4d/templates/app/software-development.php</file>
            <file>file:/C:/xampp/htdocs/4d/templates/app/index.php</file>
        </group>
    </open-files>
</project-private>
