/*
SQLyog Enterprise - MySQL GUI v8.18 
MySQL - 5.7.34 : Database - cinemane_database
*********************************************************************
*/

/*!40101 SET NAMES utf8 */;

/*!40101 SET SQL_MODE=''*/;

/*!40014 SET @OLD_UNIQUE_CHECKS=@@UNIQUE_CHECKS, UNIQUE_CHECKS=0 */;
/*!40014 SET @OLD_FOREIGN_KEY_CHECKS=@@FOREIGN_KEY_CHECKS, FOREIGN_KEY_CHECKS=0 */;
/*!40101 SET @OLD_SQL_MODE=@@SQL_MODE, SQL_MODE='NO_AUTO_VALUE_ON_ZERO' */;
/*!40111 SET @OLD_SQL_NOTES=@@SQL_NOTES, SQL_NOTES=0 */;
CREATE DATABASE /*!32312 IF NOT EXISTS*/`cinemane_database` /*!40100 DEFAULT CHARACTER SET latin1 */;

USE `cinemane_database`;

/*Table structure for table `_Category` */

DROP TABLE IF EXISTS `_Category`;

CREATE TABLE `_Category` (
  `CategoryID` int(11) NOT NULL AUTO_INCREMENT,
  `CategoryName` varchar(255) DEFAULT NULL,
  PRIMARY KEY (`CategoryID`)
) ENGINE=InnoDB AUTO_INCREMENT=8 DEFAULT CHARSET=latin1;

/*Data for the table `_Category` */

insert  into `_Category`(`CategoryID`,`CategoryName`) values (1,'Artist'),(2,'Director'),(3,'Music Director'),(4,'Art Director'),(5,'Makeup Man'),(6,'Technician'),(7,'Others');

/*Table structure for table `_Directories` */

DROP TABLE IF EXISTS `_Directories`;

CREATE TABLE `_Directories` (
  `DirectoryID` int(11) NOT NULL AUTO_INCREMENT,
  `PersonName` varchar(255) DEFAULT NULL,
  `Category` varchar(255) DEFAULT NULL,
  `PhoneNumber` varchar(255) DEFAULT NULL,
  `PlaceName` varchar(255) DEFAULT NULL,
  `ProfilePhoto` varchar(255) DEFAULT NULL,
  PRIMARY KEY (`DirectoryID`)
) ENGINE=InnoDB AUTO_INCREMENT=31 DEFAULT CHARSET=latin1;

/*Data for the table `_Directories` */

insert  into `_Directories`(`DirectoryID`,`PersonName`,`Category`,`PhoneNumber`,`PlaceName`,`ProfilePhoto`) values (22,' ',' ',' ',' ','1589725231_Screenshot_2020_0515_104631.png'),(24,' ',' ',' ',' ','1589725308_Screenshot_2020_0515_104612.png'),(25,' ',' ',' ',' ','1589725358_IMG-20200516-WA0018.jpg'),(28,' ',' ',' ',' ','1590217918_IMG-20200518-WA0001.jpg'),(29,' ',' ',' ',' ','1590218021_IMG-20200517-WA0025.jpg'),(30,' ',' ',' ',' ','1590218043_IMG-20200517-WA0046.jpg');

/*Table structure for table `_Members` */

DROP TABLE IF EXISTS `_Members`;

CREATE TABLE `_Members` (
  `MemberID` int(11) NOT NULL AUTO_INCREMENT,
  `MemberName` varchar(255) DEFAULT NULL,
  `MemberEmail` varchar(255) DEFAULT NULL,
  `MemberMobile` varchar(255) DEFAULT NULL,
  `Gender` varchar(255) DEFAULT NULL,
  `Age` varchar(255) DEFAULT NULL,
  `Category` varchar(255) DEFAULT NULL,
  `BodyHeight` varchar(255) DEFAULT NULL,
  `BodyWeight` varchar(255) DEFAULT NULL,
  `Fresher` varchar(255) DEFAULT NULL,
  `ExperienceDetails` varchar(255) DEFAULT NULL,
  `PlaceName` varchar(255) DEFAULT NULL,
  `StateName` varchar(255) DEFAULT NULL,
  `DistrictName` varchar(255) DEFAULT NULL,
  `ProfilePhoto` varchar(255) DEFAULT NULL,
  `youtubevideo1` varchar(255) DEFAULT NULL,
  `youtubevideo2` varchar(255) DEFAULT NULL,
  `RegisteredOn` datetime DEFAULT NULL,
  `IsPaidMember` int(11) DEFAULT '0',
  `Languages` varchar(255) DEFAULT NULL,
  `PaidOn` datetime DEFAULT NULL,
  `PaidAmount` varchar(255) DEFAULT NULL,
  `PaymentID` int(11) DEFAULT NULL,
  PRIMARY KEY (`MemberID`)
) ENGINE=InnoDB AUTO_INCREMENT=100 DEFAULT CHARSET=latin1;

/*Data for the table `_Members` */

insert  into `_Members`(`MemberID`,`MemberName`,`MemberEmail`,`MemberMobile`,`Gender`,`Age`,`Category`,`BodyHeight`,`BodyWeight`,`Fresher`,`ExperienceDetails`,`PlaceName`,`StateName`,`DistrictName`,`ProfilePhoto`,`youtubevideo1`,`youtubevideo2`,`RegisteredOn`,`IsPaidMember`,`Languages`,`PaidOn`,`PaidAmount`,`PaymentID`) values (3,'Ragul','Ragul@gmail.com','9677829600','male','24','Artist','170','75','yes','No experience ','Chennai','TamilNadu','Chennai','1589376820_Screenshot_2020_0506_203036.png','Ragul','Ragul','2020-05-13 19:03:40',1,'Tamil, ',NULL,NULL,NULL),(4,'Karthick','Karthick@gmail.com','9677829601','male','21','Artist','168','70','yes','No experience ','Coimbathore ','TamilNadu','Coimbatore','1589383665_Screenshot_2020_0506_203515.png','Karthick','Karthick','2020-05-13 20:57:45',1,'Tamil, ',NULL,NULL,NULL),(5,'Abilash ','Abilash@gmail.com','9677829602','male','23','Artist','171','72','yes','No experience ','Thiruvananthapuram ','Kerala','Thiruvananthapuram','1589419287_Screenshot_2020_0506_203648.png','Abilash','Abilash','2020-05-14 06:51:27',1,'Tamil, Malayalam, Hindi, ',NULL,NULL,NULL),(6,'Manju','Manju@gmail.com','9677829603','female','22','Artist','162','60','yes','No experience ','Ernakulam','Kerala','Ernakulam','1589419839_IMG-20191106-WA0025.jpg','Manju','Manju','2020-05-14 07:00:39',1,'Tamil, English, Malayalam, Hindi, ',NULL,NULL,NULL),(7,'Maaya','Maaya@gmail.com','9677829604','female','20','Artist','165','55','no','I acted 2 hindi films','Utrapradesh ','Uttar Pradesh','Ballari','1589420574_IMG-20191013-WA0006.jpg','Maaya','Maaya','2020-05-14 07:12:54',0,'English, Hindi, ',NULL,NULL,NULL),(8,'Sanjay','Sanjay@gmail.com','8677835670','male','23','Artist','170','75','yes','No experience ','Trichy','TamilNadu','Thiruchirappalli','1589420849_portrait-indian-man-wearing-white-260nw-146697686.webp','Sanjay','Sanjay','2020-05-14 07:17:29',0,'Tamil, English, ',NULL,NULL,NULL),(9,'Prakash','Prakash','9626773456','male','26','Artist','171','73','yes','No experience ','Chennai','TamilNadu','Chennai','1589420986_casual-lifestyle-outdoor-portrait-handsome-260nw-137283530.webp','Prakash','Praksh','2020-05-14 07:19:46',0,'Tamil, English, Hindi, ',NULL,NULL,NULL),(10,'Aravind sharma','Aravinnd@gmail.com','8658760986','male','27','Artist','172','78','yes','Acted 1 hindi film','Mumbai','Maharashtra','Mumbai City','1589421174_Screenshot_2020_0506_204023.png','Aravind','Aravind','2020-05-14 07:22:54',1,'English, Hindi, ',NULL,NULL,NULL),(11,'Swetha','Swetha@gmail.com','9884076587','female','21','Artist','162','54','yes','No experience ','Chennai','TamilNadu','Chennai','1589421551_599627_330164467073108_1924989695_n.jpg','Swetha','Swetha','2020-05-14 07:29:11',0,'Tamil, English, Hindi, ',NULL,NULL,NULL),(12,'Ashathomas','Ashathomas@gmail.com','9600576890','female','21','Artist','170','54','yes','No experience ','Thiruvananthapuram ','Kerala','Thiruvananthapuram','1589422584_IMG-20150105-WA0014.jpg','','','2020-05-14 07:46:24',0,'Tamil, English, Malayalam, Hindi, ',NULL,NULL,NULL),(14,'Anilkumar','Anilkumar1@gmail.com','9688599876','male','26','Artist','171','75','no','','Nagercoil','TamilNadu','Kanyakumari','1589423040_Screenshot_2020_0506_203242.png','','','2020-05-14 07:54:00',0,'Tamil, English, Malayalam, ',NULL,NULL,NULL),(15,'Chitra','Chitra1@gmail.com','9655674326','female','22','Artist','170','60','yes','','Madirai','TamilNadu','Madurai','1589423192_424332_399750903421527_372003720_n.jpg','','','2020-05-14 07:56:32',0,'Tamil, English, ',NULL,NULL,NULL),(16,'Ajay dev','Ajay@gmail.com','938065554','male','25','Artist','173','74','yes','',' ','Andhra Pradesh','Hyderabad','1589471648_Screenshot_2020_0506_203603.png','','','2020-05-14 21:24:08',1,'English, Telgu, ',NULL,NULL,NULL),(17,'Nithya','Nithya@gmail.com','9500743657','female','23','Artist','170','54','yes','',' ','TamilNadu','Chennai','1589499160_IMG-20191008-WA0010.jpg','','','2020-05-15 05:02:40',1,'Tamil, Malayalam, Hindi, ',NULL,NULL,NULL),(18,'Vishal','Vishal@gmail.com','9600543287','male','25','Artist','170','80','yes','',' ','Kerala','Alappuzha','1589499318_Screenshot_2020_0506_203338.png','','','2020-05-15 05:05:18',1,'Tamil, English, Malayalam, Hindi, ',NULL,NULL,NULL),(19,'Fathima','Fathima@gmail.com','9780765875','female','21','Artist','168','60','no','',' ','West Bengal','Alipore','1589499512_599775_296633927101460_1648448787_n.jpg','','','2020-05-15 05:08:32',1,'English, Hindi, ',NULL,NULL,NULL),(20,'Kamna','Kamna@gmail.com','9644687631','female','22','Artist','170','65','no','',' ','Karnataka','Bangalore Rural','1589499827_kamna 4.jpg','','','2020-05-15 05:13:47',1,'English, Hindi, Telgu, ',NULL,NULL,NULL),(21,'Risha','Risha@gmail.com','9884567832','female','21','Artist','168','70','yes','',' ','Maharashtra','Mumbai City','1589500148_370522_100002282889215_1697175907_n.jpg','','','2020-05-15 05:19:08',1,'English, Hindi, ',NULL,NULL,NULL),(22,'Sherif','Sherif@gmail.com','9688564098','male','23','Artist','171','70','yes','',' ','Kerala','Kollam','1589500324_Screenshot_2020_0506_203917.png','','','2020-05-15 05:22:04',1,'English, Malayalam, Telgu, ',NULL,NULL,NULL),(23,'Jasmine','Jasmine@gmail.com','9500743650','female','24','Artist','168','60','yes','',' ','Goa','Margao','1589500713_274433_100003822578073_724333594_n.jpg','','','2020-05-15 05:28:33',1,'English, Hindi, ',NULL,NULL,NULL),(24,'Devaiyani','Devaiyani@gmail.com','9500766435','female','23','Artist','171','54','yes','',' ','Delhi','Central Delhi','1589500878_devaiyani sharma.jpg','','','2020-05-15 05:31:18',1,'English, Hindi, ',NULL,NULL,NULL),(25,'Alan','Alan@gmail.com','9677456732','male','10','Artist','158','35','yes','',' ','Pondicherry','Karaikal','1589501289_Screenshot_2020_0506_204000.png','','','2020-05-15 05:38:09',1,'Tamil, English, ',NULL,NULL,NULL),(26,'Sonu sharma','Sonu@gmail.com','8807654874','female','25','Artist','168','60','no','Acted 1 telungu film',' ','Andhra Pradesh','Guntur','1589501833_keju new mobile photos and videos 726.JPG','','','2020-05-15 05:47:13',1,'English, Malayalam, Hindi, Telgu, ',NULL,NULL,NULL),(27,'Munna','Munna@gmail.com','9444765876','female','22','Artist','171','65','no','',' ','Chhattisgarh','Ambikapur','1589501966_gayathri.jpg4.jpg','','','2020-05-15 05:49:26',1,'English, Hindi, Telgu, ',NULL,NULL,NULL),(28,'Satheesh ','Satheesh@gmail.com','9447685433','male','26','Artist','169','72','yes','',' ','TamilNadu','Coimbatore','1589502109_Screenshot_2020_0506_203435.png','','','2020-05-15 05:51:49',1,'Tamil, English, ',NULL,NULL,NULL),(29,'Vijesh','vijeshsmart98@gmail.com','9600209122','male','22','Artist','170','70','yes','',' ','TamilNadu','Kanyakumari','1589603529_0ED6B0CE-D043-4718-B204-61C3CA180CA4.jpeg','','','2020-05-16 10:02:09',1,'Tamil, ',NULL,NULL,NULL),(30,'Nalini Sanjay ','nalinisanjay988@gmail.com','7092708567','male','29','Art Director','5.5','79','no','No',' ','0','0','1589622261_1527863957003jpg.0.jpg','','','2020-05-16 15:14:21',0,'Tamil, English, Hindi, ',NULL,NULL,NULL),(31,'Gowtham raj','gowthamcivil1109@gmail.com','6381508414','male','24','Artist','170','60','yes','No ',' ','TamilNadu','Vellore','1589637797_Screenshot_2019-01-14-22-13-02-28.png','','','2020-05-16 19:33:17',0,'Tamil, English, ',NULL,NULL,NULL),(32,'Manisha','Manisha@gmail.com','9500747435','male','24','Artist','171','68','no','',' ','Kerala','Kottayam','1590080639_Screenshot_2020_0521_125112.png','','','2020-05-21 22:33:59',1,'English, Malayalam, Hindi, ',NULL,NULL,NULL),(33,'Aswin','Aswin@gmail.com','9787745600','male','22','Artist','173','80','no','',' ','Andhra Pradesh','Hyderabad','1590080768_Screenshot_2020_0521_124402.png','','','2020-05-21 22:36:08',1,'English, Hindi, Telgu, ',NULL,NULL,NULL),(34,'Sangeetha','Sangeetha@gmail.com','9370563421','female','20','Artist','172','55','no','',' ','TamilNadu','Coimbatore','1590080938_Screenshot_2020_0521_125046.png','','','2020-05-21 22:38:58',1,'Tamil, English, Telgu, ',NULL,NULL,NULL),(35,'Visalini','Visalini@gmail.com','9600569600','female','25','Artist','170','62','yes','',' ','Kerala','Kozhikode','1590218216_sarmila.jpg','','','2020-05-23 12:46:56',0,'Tamil, English, Malayalam, Hindi, ',NULL,NULL,NULL),(37,'Jaisurya','Jaisurya@gmail.com','9600569601','male','23','Artist','171','75','no','',' ','Goa','Margao','1590218620_Screenshot_2020_0519_071407.png','','','2020-05-23 12:53:40',1,'English, Hindi, ',NULL,NULL,NULL),(38,'K. V. Vijayakumar ','lakshmivijay2105@gmail.com','9944147886','male','34','Artist','160','60','no','',' ','TamilNadu','0','1590303385_1590303269484-1171860048.jpg','','','2020-05-24 12:26:25',0,'Tamil, Hindi, Telgu, ',NULL,NULL,NULL),(39,'k.v.vijayakumar','vitay07kishor@gmail.com','8778229979','male','35','Artist','160','60','yes','No',' ','TamilNadu','Coimbatore','1590306493_1590306461172..jpg','','','2020-05-24 13:18:13',1,'Tamil, Hindi, Telgu, ',NULL,NULL,NULL),(43,'Raana','Raana@gmail.com','9386754098','male','24','Director','169','82','no','',' ','Bihar','Araria','1590383644_Screenshot_2020_0506_203734.png','','','2020-05-25 10:44:04',1,'English, Hindi, ',NULL,NULL,NULL),(44,'SINULAL','sinulalsandhya@gmail.com','9037486809','male','38','Artist','162','60','yes','',' ','Kerala','Thiruvananthapuram','1590394941_IMG_20200519_205734.jpg','','','2020-05-25 13:52:21',0,'Tamil, English, Malayalam, ',NULL,NULL,NULL),(45,'ROSHAN MATHEW','matt_uae@yahoo.com','8289834984','male','40','Artist','188','90','yes','',' ','Kerala','Thiruvananthapuram','1590462653_01.jpg','','','2020-05-26 08:40:53',0,'Tamil, English, Malayalam, Hindi, ',NULL,NULL,NULL),(46,'AKASH DARWIN','akashcastrodarwin91@gmail.com','8921947406','male','28','Artist','183','110','yes','',' ','Kerala','Thiruvananthapuram','1590503495_PIC 1.jpg','','','2020-05-26 20:01:35',0,'Tamil, English, Malayalam, Hindi, ',NULL,NULL,NULL),(47,'Vinoth kumar','bvk0310@gmail.com','9092909950','male','28','Artist','160','80','yes','',' ','TamilNadu','Chennai','1590508446_Screenshot_2020-01-13-13-35-12-692_com.whatsapp.jpg','','','2020-05-26 21:24:06',0,'Tamil, ',NULL,NULL,NULL),(48,'R.N.bharath Raja ','bharathraja1807@gmail.com ','9566279498','male','31','Others','172','80','yes','no',' ','TamilNadu','Chennai','1590512369_FB_IMG_1487140881666.jpg','no video ','no video ','2020-05-26 22:29:29',0,'Tamil, English, ',NULL,NULL,NULL),(49,'PRABHU ','prabhuc1@yahoo.com','8667662145','male','36','Artist','168','62','yes','',' ','TamilNadu','Chennai','1590600836_FB_IMG_1590600700242.jpg','','','2020-05-27 23:03:56',0,'Tamil, English, ',NULL,NULL,NULL),(50,'Ratheesh S','ratheesh.psnair@gmail.com','9388818886','male','36','Artist','174','78','yes','Nil',' ','Kerala','Thiruvananthapuram','1590734158_PicsArt_04-30-09.34.49.png','','','2020-05-29 12:05:58',0,'Malayalam, ',NULL,NULL,NULL),(51,'Nandana Baiju ','nandanabaiju20@gmail.com ','8304089590','female','19','Artist','3','55','yes','No experience ',' ','Kerala','Thiruvananthapuram','1591181322_20200524_172852.jpg','','','2020-06-03 16:18:42',1,'Malayalam, ',NULL,NULL,NULL),(52,'Noufir','Djfilms@gmail.com','7994422090','male','26','Art Director','5.6','61','no','Assistant Director in 2movies malayalam',' ','Kerala','Thiruvananthapuram','1591341119_IMG-20200601-WA0000.jpg','https://m.youtube.com/watch?v=5g6tbCql__A','https://m.youtube.com/watch?v=Ml2IAPNCdTY','2020-06-05 12:41:59',0,'Tamil, English, Malayalam, ',NULL,NULL,NULL),(53,'Noormuhamad. H.','noormuhamad 174 @gmail.com ','9746999846','male','39','Others','5.5cmt','80','yes','Driver 20years experience ',' ','TamilNadu','Karur','1592404009_20200308_084538.jpg','No','No','2020-06-17 19:56:49',0,'Tamil, Malayalam, Hindi, ',NULL,NULL,NULL),(54,'BILALSHARIF ','sameesharif26@gmail.com','7540057841','male','30','Artist','166','60','yes','0',' ','TamilNadu','Thiruchirappalli','1592406115_20200606_145330.jpg','','','2020-06-17 20:31:55',0,'Tamil, English, ',NULL,NULL,NULL),(55,'Jyothy','Jyothylekshmi495@gmail.com','8089691427','female','21','Artist','5.2','48','yes','No experience',' ','Kerala','Thiruvananthapuram','1592413249_FB_IMG_15915128841641933.jpg','','','2020-06-17 22:30:49',0,'Malayalam, ',NULL,NULL,NULL),(56,'Amresh','amreshsurya@gmail.com','9791778020','male','24','Artist','178','70','yes','',' ','TamilNadu','Thiruchirappalli','1592415047_WhatsApp Image 2020-02-28 at 5.26.56 PM (5).jpeg','https://www.youtube.com/watch?v=_7mQUSe_rTw','','2020-06-17 23:00:47',0,'Tamil, English, ',NULL,NULL,NULL),(57,'Stephin Thomas','step44u@yahoo.com','7510124263','male','30','Artist','60','5.8','yes','Acted in school and college dramas',' ','Kerala','Ernakulam','1592442244_BM_IMG_1585799295703.jpg','','','2020-06-18 06:34:04',0,'English, Malayalam, Hindi, ',NULL,NULL,NULL),(58,'Midhun Dev ','1234midhundev@gmail.com ','8078100747','male','20','Others','170','53','yes','No',' ','Kerala','Thiruvananthapuram','1592452462_PicsArt_04-18-07.09.28.jpg','','','2020-06-18 09:24:22',0,'Malayalam, ',NULL,NULL,NULL),(59,'Ravi','rithikravi113@gmail.com','9786439842','male','24','Others','54','38','yes','Am a business  direct selling',' ','TamilNadu','Coimbatore','1592454022_AirBrush_20181122131632.jpg','Www.rithik.','Www.rithik.','2020-06-18 09:50:22',0,'Tamil, English, ',NULL,NULL,NULL),(60,'PRAVEEN M S','prveen9947197751@gmail.com ','9947197751','male','24','Artist','5.3','63','yes','',' ','Kerala','Ernakulam','1592459216_20191013121307_IMG_2581(1).jpg','','','2020-06-18 11:16:56',0,'Malayalam, ',NULL,NULL,NULL),(61,'Murugesh','smurugeshmd@gmail.com','9524999169','male','29','Artist','173','56','yes','',' ','TamilNadu','Coimbatore','1592462224_0bc65e0e-376e-4d85-b200-06c3baf8fd86.jpg','','','2020-06-18 12:07:04',0,'Tamil, ',NULL,NULL,NULL),(62,'Sri','X.offl07@gmail.com','9361147462','male','19','Artist','163','52','yes','Experience in photography and shoots',' ','TamilNadu','0','1592473079_InShot_20200513_165842297.jpg','','','2020-06-18 15:07:59',0,'Tamil, English, ',NULL,NULL,NULL),(63,'Chandru','mchandrakumar9619@gmail.com','9746151490','male','23','Others','1.73','73','yes','',' ','Kerala','Kozhikode','1592474180_Screenshot_2020-06-08-23-42-43-33.png','','','2020-06-18 15:26:20',0,'Tamil, English, Malayalam, ',NULL,NULL,NULL),(64,'Jeya','Jeya@gmail.com','9500747425','female','25','Artist','168','72','yes','',' ','Bihar','0','1592474986_keju new mobile photos and videos 737.jpg','','','2020-06-18 15:39:46',0,'Tamil, Malayalam, ',NULL,NULL,NULL),(65,'Aloshious Antony','aloshyachu94@gmail.com','9400921647','male','25','Others','160 CM','60','yes','Nil',' ','Kerala','Idukki','1592476283_20191105_222722.jpg','','','2020-06-18 16:01:23',0,'Tamil, English, Hindi, ',NULL,NULL,NULL),(66,'VISHNU S','vishnusvishnus777@gmail.com','9061521993','male','27','Others','182','80','yes',',,',' ','Kerala','Thiruvananthapuram','1592476519_2020-01-16-12-35-45-343.jpg','','','2020-06-18 16:05:19',0,'English, Malayalam, ',NULL,NULL,NULL),(67,'bala sai shankar','bs77890@yahoo.com','09994146188','male','43','Others','5.3','60','yes','nine years in bpo non-voice process',' ','TamilNadu','Namakkal','1592539972_Profile.doc','','','2020-06-19 09:42:52',0,'Tamil, English, ',NULL,NULL,NULL),(68,'MUHAMMED THOUFEEQ M','thoufeemuhammed@gmail.com','09020442801','male','21','Others','174','58','yes','',' ','Kerala','Thiruvananthapuram','1592752739_FB_IMG_1592133774577.jpg','','','2020-06-21 20:48:59',0,'Tamil, Malayalam, ',NULL,NULL,NULL),(69,'Ganesan','kaneshkarthik95@gmail.com','9585045871','male','24','Others','168','52','yes','No',' ','TamilNadu','Chennai','1592808087_Wife 20190726_073344.jpg','No','No','2020-06-22 12:11:27',0,'Tamil, ',NULL,NULL,NULL),(70,'Krishnaraj. K','krishnaraj782@gmail.com','9567437814','male','27','Artist','168 cm','80 kg','yes','',' ','Kerala','Ernakulam','1592874532_FaceApp_1588036608640.jpg','','','2020-06-23 06:38:52',0,'English, Malayalam, Hindi, ',NULL,NULL,NULL),(71,'Saju Sajith ','Saju83230@gmail.com','9074184514','male','28','Makeup Man','8','88.4','no','No experience ',' ','Kerala','Kozhikode','1593161715_BM_IMG_1591997057313.jpg','No','No','2020-06-26 14:25:15',0,'Tamil, English, Malayalam, ',NULL,NULL,NULL),(72,'Akthar Hussain','aktharhussain93843@gmail.com','9384376273','male','21','Art Director','5.9','89','yes','No experience',' ','TamilNadu','0','1593244601_LSQ_20200611_122324839.jpg','','','2020-06-27 13:26:41',0,'Tamil, English, Hindi, ',NULL,NULL,NULL),(73,'Manikandan k','Manimithran.mm@gmail.cpm','9789991184','male','30','Technician','170cm','64kg','yes','0',' ','TamilNadu','Chennai','1593325781_68F82AFD-1972-4317-8BA5-49E7134C14F0.jpeg','','','2020-06-28 11:59:41',1,'Tamil, ',NULL,NULL,NULL),(74,'Chandru','Chandru123@','9633459870','male','34','Artist','173','70','yes','',' ','TamilNadu','Ariyalur','1593327117_Screenshot_2020_0628_075024.png','','','2020-06-28 12:21:57',0,'Tamil, Malayalam, ',NULL,NULL,NULL),(75,'Nitheesh bs','sreenedhee@gmail.com','8848784958','male','20','Others','165','70','yes','Fresher',' ','Kerala','Thiruvananthapuram','1593579737_IMG20191214152020.jpg','','','2020-07-01 10:32:17',0,'English, Malayalam, ',NULL,NULL,NULL),(76,'Mohammed zain','Mz8281897@gmail.com','9945600418','male','24','Art Director','5.4','70','yes','New one',' ','Karnataka','Bangalore Urban','1593669274_FB_IMG_1577085138819.jpg','','','2020-07-02 11:24:34',0,'English, ',NULL,NULL,NULL),(77,'Muralidharan','dharansumi1@gmail.com','9551328689','male','25','Artist','5.7','52','yes','',' ','TamilNadu','Chennai','1593674242_+91 73584 52676 20200321_153819.jpg','','','2020-07-02 12:47:22',0,'Tamil, English, ',NULL,NULL,NULL),(78,'Sahaya praveen ','Sjcpraveen90@gmail.com ','9003707828','male','24','Art Director','6.1','50','no','No',' ','TamilNadu','Tirunelveli','1594142961_result_1593715918320.jpg','','','2020-07-07 22:59:21',0,'Tamil, English, ',NULL,NULL,NULL),(79,'PANDIYA .M','murugeshpandiya5459@gmail.com','9025839054','male','20','Artist','6.3','68','yes','No  Experience ',' ','TamilNadu','Ramanathapuram','1594631224_Screenshot_2019-12-13-08-55-59-60.png','','','2020-07-13 14:37:04',0,'Tamil, ',NULL,NULL,NULL),(80,'Mohamed quthbudhin. I','Kuthbudhin786@gmail.com','9445117963','male','27','Artist','5.10','78','yes','Short film artist ',' ','TamilNadu','Chennai','1594635218_Screenshot_2020_0617_221929.png','','','2020-07-13 15:43:38',0,'Tamil, English, Malayalam, Hindi, Telgu, ',NULL,NULL,NULL),(81,'Vinoth ','Vinothfuture2010@gmail.com','9791897848','male','29','Artist','5.6','61','yes','No',' ','TamilNadu','0','1594642287_Screenshot_20200621-173259.png','','','2020-07-13 17:41:27',0,'Tamil, English, ',NULL,NULL,NULL),(82,'Karthick','karthilevel38@gmail.com','9677034188','male','25','Artist','178','72','yes','1 year',' ','TamilNadu','Chennai','1594785460_IMG_20200624_175737.png','https://youtu.be/VSh78VgYXfo','https://youtu.be/fESsFK48VWI','2020-07-15 09:27:40',1,'Tamil, English, ','2020-07-15 19:26:52','300',17),(83,'Praveen ','Praveenchinna848@gmail.com','7075045152','male','21','Others','5.9','80','no','I have full experience ',' ','Telangana','Ranga Reddy','1595310432_5B4C7CB4-582E-4E5D-B9C5-0E08F4159028.jpeg','','','2020-07-21 11:17:12',0,'English, Hindi, Telgu, ',NULL,NULL,NULL),(84,'Vishnu.s','Vishnu46gmail.com','7358484569','male','19','Others','145','40','yes','Fresher',' ','TamilNadu','Chennai','1595599691_278F629B-DEE4-414E-B291-EEF1D52B77E8.jpeg','https://youtu.be/niS2NhJIuAE','https://youtu.be/niS2NhJIuAE','2020-07-24 19:38:11',0,'Tamil, English, ',NULL,NULL,NULL),(85,'Diya','Layadiya64@gmail.com','9840877214','female','10','Artist','135','32','yes','No',' ','TamilNadu','Ariyalur','1596387907_IMG-20161108-WA0005.jpg','','','2020-08-02 22:35:07',1,'Tamil, English, ',NULL,NULL,NULL),(86,'Dhilipkumar','dhilipsmile210@gmail.com','8608277404','male','21','Artist','15 centimeter','67','no','No',' ','TamilNadu','Chennai','1596780751_IMG_20200117_080902_914.jpg','','','2020-08-07 11:42:31',1,'',NULL,NULL,NULL),(87,'Ashok kumar','Ashok kumat','9677066244','male','21','Artist','5:9','55','no','',' ','TamilNadu','0','1596857052_PicsArt_10-21-11.18.18.jpg','','','2020-08-08 08:54:12',0,'Tamil, English, Malayalam, ',NULL,NULL,NULL),(88,'Sadiq','abdullasadiq97@gmail.com','9710054899','male','22','Artist','160','45','yes','',' ','TamilNadu','Chennai','1596990597_Screenshot_2020-05-30-22-28-54-42.png','','','2020-08-09 21:59:57',0,'Tamil, English, Hindi, ',NULL,NULL,NULL),(89,'Vijj','vijirj887@gmail.com','6380188264','female','21','Artist','5.4','46','yes','No',' ','TamilNadu','Chennai','1596994549_IMG_20200809_190700_940.jpg','https://youtu.be/t0H5IoXWXM8','','2020-08-09 23:05:49',1,'Tamil, ',NULL,NULL,NULL),(90,'Saravanan','Saravanaserven1994@gmail.com','8072039503','male','26','Artist','6','66','yes','',' ','TamilNadu','Chennai','1597479990_Screenshot_2020_0815_135237.png','','','2020-08-15 13:56:30',0,'Tamil, English, ',NULL,NULL,NULL),(91,'Damodharan ','damodharan091@gmail.com','8248272059','male','23','Artist','6.1','60','yes','No experience ',' ','TamilNadu','Chennai','1597485053_IMG_20200721_000046_158.jpg','','','2020-08-15 15:20:53',1,'Tamil, English, ',NULL,NULL,NULL),(93,'Abdul ravoof','Kamiravf26@gmail.com','7358816224','male','24','Artist','158.5','70','yes','0',' ','Pondicherry','Karaikal','1598429617_20200826_134259.jpg','','','2020-08-26 13:43:37',1,'Tamil, ',NULL,NULL,NULL),(94,'Nivetha.A','nivedhaayanare@gmail.com','8754156399','female','20','Artist','151','40','yes','Working in youtube channels (acting)',' ','Pondicherry','Pondicherry','1598627861_InShot_20200527_070808389.jpg','https://youtu.be/dn0fdtEhpyc','','2020-08-28 20:47:41',0,'Tamil, English, ',NULL,NULL,NULL),(95,'Shobana','Shobana123@gmail.com','9087922016','female','24','Artist','5.7','48','yes','',' ','TamilNadu','Chennai','1598885096_Screenshot_2020_0831_201308.png','','','2020-08-31 20:14:56',0,'Tamil, English, ',NULL,NULL,NULL),(96,'SOWMYA M','sowmyamanjes1998@gmail.com','7558181902','male','22','Art Director','5.4','45','no','No',' ','0','0','1598964042_IMG20200228154939.jpg','https://youtu.be/LDT_w2_mspQ','','2020-09-01 18:10:42',0,'Tamil, ',NULL,NULL,NULL),(97,'S. Yedu krishnan','Krishayedu143@gmail.com','7907663159','male','23','Artist','168','65','yes','',' ','Kerala','Kollam','1600140876_IMG_20200215_142605.jpg','','','2020-09-15 09:04:36',0,'Tamil, English, Malayalam, ',NULL,NULL,NULL),(98,'M.Avinash','vjavinash0007@gmail.com','6383491477','male','20','Artist','166cm','60','yes','Non',' ','TamilNadu','Chennai','1611329198_DSC_5281-01.jpeg','','','2021-01-22 20:56:38',0,'Tamil, ',NULL,NULL,NULL),(99,'Jishitha Vasudhevan','jishitha98@gmail.com','9176223296','female','22','Artist','68','153 cm','yes','Nil',' ','TamilNadu','Chennai','1612280801_5Q0A2715.JPG','Nil','Nik','2021-02-02 21:16:41',0,'Tamil, English, Malayalam, ',NULL,NULL,NULL);

/*Table structure for table `_Scrollings` */

DROP TABLE IF EXISTS `_Scrollings`;

CREATE TABLE `_Scrollings` (
  `ScrollingID` int(11) NOT NULL AUTO_INCREMENT,
  `ProfilePhoto` varchar(255) DEFAULT NULL,
  PRIMARY KEY (`ScrollingID`)
) ENGINE=InnoDB AUTO_INCREMENT=155 DEFAULT CHARSET=latin1;

/*Data for the table `_Scrollings` */

insert  into `_Scrollings`(`ScrollingID`,`ProfilePhoto`) values (3,'1589451085_A600221_list_20180320144010.jpg'),(5,'1589451092_Prashanth.jpeg'),(9,'1589453935_Screenshot_2020_0421_111641.png'),(10,'1589453973_76-766764_actress-varalaxmi-sarathkumar-latest-images-hd-stills-varalakshmi.jpg'),(12,'1589454009_371-prabhu-deva.jpg'),(13,'1589454030_64784fca86b42736d36f96f6e973235a.jpg'),(14,'1589454050_2811036251d1de81b9cae37e3cbd2f89.jpg'),(15,'1589454072_MV5BNjQ4ZWJlN2MtM2UzMC00ZDY1LWFlYmUtNTNlMjhhNDFlZGY4XkEyXkFqcGdeQXVyMjkxNzQ1.jpg'),(17,'1589454151_MV5BY2M1MGE0MjItYjVmZi00MjNkLWE5MTMtYmYzNGRlNGI3Mjk0XkEyXkFqcGdeQXVyMjYwMDk5.jpg'),(18,'1589454185_Ramya-Nambeesan-in-Indian-Traditional-_Saree-Tamilarasan-Movie-Stills_(3).jpg'),(19,'1589454221_Screenshot_2020_0421_112658.png'),(20,'1589454238_Dhansika-Tamil-Actress-Profile-and-Biography.jpg'),(22,'1589454346_k.bhagyarajfamily.jpg'),(23,'1589454385_c1e8ab602161929c09d92b4f9af9999f.jpg'),(24,'1589454413_parthiban-8.jpg'),(25,'1589454436_Samuthirakani-2.jpg'),(26,'1589454461_Ramya-Krishnan.jpg'),(27,'1589454516_Screenshot_2020_0421_113240.png'),(31,'1589454713_Screenshot_2020_0421_112405.png'),(33,'1589454742_Nassar.jpg'),(34,'1589454789_Screenshot_2020_0514_081458.png'),(36,'1589454811_Lakshmi-Gopalaswamy.jpg'),(37,'1589454875_Screenshot_2020_0421_111725.png'),(41,'1589455012_Screenshot_2020_0421_112107.png'),(43,'1589455195_Screenshot_2020_0514_083451.png'),(45,'1589455202_Screenshot_2020_0514_081642.png'),(47,'1589455254_Screenshot_2020_0421_111451.png'),(48,'1589455365_Screenshot_2020_0514_083941.png'),(51,'1589455585_Screenshot_2020_0514_082042.png'),(55,'1589502580_Screenshot_2020_0514_083319.png'),(56,'1589502627_Screenshot_2020_0514_081609.png'),(57,'1589502680_Screenshot_2020_0514_081934.png'),(58,'1589502724_Screenshot_2020_0514_081848.png'),(59,'1589502762_vivek.jpg'),(60,'1589502839_Screenshot_2020_0514_082342.png'),(61,'1589502889_Screenshot_2020_0514_082810.png'),(63,'1589503127_Screenshot_2020_0514_082141.png'),(64,'1589503169_Screenshot_2020_0514_082313.png'),(66,'1589504159_Screenshot_2020_0514_083809.png'),(67,'1589504299_Screenshot_2020_0514_083206.png'),(68,'1589504326_Screenshot_2020_0514_083737.png'),(69,'1589504392_Screenshot_2020_0514_083915.png'),(70,'1589504434_Screenshot_2020_0514_083659.png'),(71,'1589507124_Screenshot_2020_0514_085858.png'),(73,'1589507202_Screenshot_2020_0514_085524.png'),(74,'1589507260_Screenshot_2020_0514_085142.png'),(75,'1589507490_Screenshot_2020_0514_083533.png'),(78,'1589507641_Screenshot_2020_0514_083421.png'),(80,'1589507899_Screenshot_2020_0515_062117.png'),(82,'1589508450_Screenshot_2020_0515_061359.png'),(84,'1589508499_Screenshot_2020_0515_061734.png'),(87,'1589508624_Screenshot_2020_0515_061503.png'),(91,'1589508772_Screenshot_2020_0515_061208.png'),(94,'1589508851_Screenshot_2020_0514_081734.png'),(95,'1589508909_Screenshot_2020_0514_083104.png'),(97,'1589508985_Screenshot_2020_0514_084111.png'),(99,'1589509868_Screenshot_2020_0514_082424.png'),(101,'1589509973_Screenshot_2020_0514_084033.png'),(103,'1589510017_sivakumar_640x480_51477294134.jpg'),(104,'1589510082_Screenshot_2020_0514_084845.png'),(106,'1589510222_Screenshot_2020_0515_063732.png'),(108,'1589510286_Screenshot_2020_0514_084700.png'),(109,'1589510391_Screenshot_2020_0515_061848.png'),(110,'1589510496_Screenshot_2020_0514_082939.png'),(112,'1589510536_Screenshot_2020_0515_062228.png'),(113,'1589510565_Screenshot_2020_0514_081717.png'),(114,'1589510597_Screenshot_2020_0421_113341.png'),(115,'1589510638_Screenshot_2020_0514_083336.png'),(116,'1589510664_Screenshot_2020_0514_083555.png'),(117,'1589510756_Screenshot_2020_0515_061258.png'),(119,'1589510852_Screenshot_2020_0514_082517.png'),(121,'1589510924_Screenshot_2020_0514_085112.png'),(122,'1589510969_Radha_Ravi_0.jpeg'),(123,'1589511019_Screenshot_2020_0514_091001.png'),(125,'1589511084_Screenshot_2020_0514_081533.png'),(127,'1589511147_jaIrToSnwGLryboegspm_2016_08_24.jpg'),(128,'1589512685_Screenshot_2020_0515_084234.png'),(130,'1589512730_Screenshot_2020_0515_084115.png'),(132,'1589512889_Screenshot_2020_0515_084534.png'),(134,'1589528516_Screenshot_2020_0515_130934.png'),(135,'1589529522_ugfoyt21okh3fgyh.jpg'),(136,'1589529588_Screenshot_2020_0515_130831.png'),(138,'1589529675_Screenshot_2020_0515_125835.png'),(140,'1589529742_Screenshot_2020_0515_125940.png'),(142,'1589725791_Screenshot_2020_0517_195715.png'),(144,'1589725842_Screenshot_2020_0516_183832.png'),(147,'1589725952_Screenshot_2020_0516_183657.png'),(148,'1589726012_Screenshot_2020_0516_183022.png'),(150,'1589726192_bharathiraja.resize.jpg'),(151,'1589726212_banner.jpg'),(153,'1589726296_Screenshot_2020_0516_182259.png'),(154,'1589726467_Screenshot_2020_0516_182642.png');

/*Table structure for table `_jdistrictnames` */

DROP TABLE IF EXISTS `_jdistrictnames`;

CREATE TABLE `_jdistrictnames` (
  `distcid` int(11) NOT NULL AUTO_INCREMENT,
  `stateid` int(11) DEFAULT NULL,
  `districtname` varchar(255) DEFAULT NULL,
  PRIMARY KEY (`distcid`)
) ENGINE=InnoDB AUTO_INCREMENT=1004 DEFAULT CHARSET=latin1;

/*Data for the table `_jdistrictnames` */

insert  into `_jdistrictnames`(`distcid`,`stateid`,`districtname`) values (1,2,'Adilabad'),(2,2,'Anantapur'),(3,2,'Chittoor'),(4,2,'East Godavari'),(5,2,'Guntur'),(6,2,'Kadapa'),(7,2,'Khammam'),(8,2,'Medak'),(9,2,'Hyderabad'),(10,2,'Karimnagar'),(11,2,'Krishna'),(12,2,'Kurnool'),(13,2,'Mahbubnagar'),(15,2,'Nalgonda'),(16,2,'Nellore'),(17,2,'Nizamabad'),(18,2,'Prakasam'),(19,2,'Rangareddy'),(20,2,'Srikakulam'),(21,2,'Vishakhapatnam'),(22,2,'Vizianagaram'),(23,2,'Warangal'),(24,2,'West Godavari'),(25,3,'Anjaw'),(26,3,'Changlang'),(27,3,'East Kameng'),(28,3,'East Siang'),(29,3,'Lohit'),(30,3,'Lower Subansiri'),(31,3,'Papum Pare'),(32,3,'Tawang'),(33,3,'Tirap'),(34,3,'Lower Dibang Valley'),(35,3,'Upper Siang'),(36,3,'Upper Subansiri'),(37,3,'West Kameng'),(38,3,'Upper Dibang Valley'),(39,3,'West Siang'),(40,3,'Kurung Kumey'),(41,4,'Barpeta'),(42,4,'Bongaigaon'),(43,4,'Cachar'),(44,4,'Darrang'),(45,4,'Dhemaji'),(46,4,'Dhubri'),(47,4,'Dibrugarh'),(49,4,'Goalpara'),(50,4,'Golaghat'),(51,4,'Hailakandi'),(52,31,'Chennai'),(53,31,'Vellore'),(54,31,'Thiruvannamalai'),(55,31,'Cuddalore'),(56,31,'Villuppuram'),(57,31,'Kancheepuram'),(58,31,'Thiruvallur'),(59,31,'Kallakurichi'),(60,31,'Thanjavur'),(61,31,'Thiruchirappalli'),(62,31,'Nagapattinam'),(63,31,'Thiruvarur'),(64,31,'Karur'),(65,31,'Perambalur'),(66,31,'Coimbatore'),(67,31,'Ariyalur'),(68,31,'Nilgiris'),(69,31,'Salem'),(70,31,'Dharmapuri'),(71,31,'Erode'),(72,31,'Namakkal'),(73,31,'Krishnagiri'),(74,31,'Tiruppur'),(75,31,'Kanyakumari'),(76,31,'Madurai'),(77,31,'Ramanathapuram'),(78,31,'Tirunelveli'),(79,31,'Pudukkottai'),(80,31,'Virudhunagar'),(81,31,'Sivagangai'),(82,31,'Dindigul'),(83,31,'Thoothukudi'),(84,31,'Theni'),(85,1,'Nicobar'),(86,1,'North and Middle Andaman'),(87,1,'South Andaman'),(88,1,'Port Blair'),(89,1,'Mayabunder'),(90,1,'Car Nicobar'),(91,5,'Araria'),(92,5,'Arwal'),(93,5,'Aurangabad'),(94,5,'Banka'),(95,5,'Begusarai'),(96,5,'Bhagalpur'),(97,5,'Bhojpur'),(98,5,'Arrah'),(99,5,'Buxar'),(100,5,'Darbhanga'),(101,5,'East Champaran'),(102,5,'Motihari'),(103,5,'Gaya'),(104,5,'Gopalganj'),(105,5,'Jamui'),(106,5,'Jehanabad'),(107,5,'Khagaria'),(108,5,'Kishanganj'),(109,5,'Kaimur'),(110,5,'Katihar'),(111,5,'Lakhisarai'),(112,5,'Madhubani'),(113,5,'Munger'),(114,5,'Madhepura'),(115,5,'Muzaffarpur'),(116,5,'Nalanda'),(118,5,'Nawada'),(119,5,'Patna'),(120,5,'Purnia'),(121,5,'Rohtas'),(122,5,'Saharsa'),(123,5,'Samastipur'),(124,5,'Sheohar'),(125,5,'Sheikhpura'),(126,5,'Saran'),(127,5,'Chhapra'),(128,5,'Sitamarhi'),(129,5,'Dumra'),(131,5,'Supaul'),(132,5,'Siwan'),(133,5,'Vaishali'),(134,5,'Hajipur'),(135,5,'West Champaran'),(136,5,'Bettiah'),(143,2,'Machilipatnam'),(147,2,'Ongole'),(148,2,'Sri Potti Sriramulu Nellore'),(151,2,'Visakhapatnam'),(153,2,'West Godavari'),(154,2,'Eluru'),(156,3,'Hawai'),(159,3,'Seppa'),(161,3,'Pasighat'),(162,3,'Kamle'),(163,3,'Raga'),(164,3,'Kra Daadi'),(165,3,'Jamin'),(167,3,'Koloriang'),(168,3,'Lepa Rada'),(169,3,'Basar'),(171,3,'Tezu'),(172,3,'Longding'),(174,3,'Roing'),(175,3,'Lower Siang'),(176,3,'Likabali'),(178,3,'Ziro'),(179,3,'Namsai'),(180,3,'Pakke-Kessang'),(181,3,'Lemmi'),(183,3,'Yupia'),(184,3,'Shi Yomi'),(185,3,'Tato'),(186,3,'Siang'),(187,3,'Pangin'),(189,3,'Tawang Town'),(191,3,'Khonsa'),(193,3,'Anini'),(195,3,'Yingkiong'),(197,3,'Daporijo'),(199,3,'Bomdila'),(201,4,'Baksa'),(202,4,'Mushalpur'),(204,4,'Bishwanath'),(207,4,'Silchar'),(208,4,'Charaideo'),(209,4,'Sonari'),(210,4,'Chirang'),(211,4,'Kajalgaon'),(213,4,'Mangaldoi'),(217,4,'Dima Hasao'),(218,4,'Haflong'),(222,4,'Hojai'),(223,4,'Jorhat'),(224,4,'Kamrup'),(225,4,'Amingaon'),(226,4,'Kamrup Metropolitan'),(227,4,'Guwahati'),(228,4,'Karbi Anglong'),(229,4,'Diphu'),(230,4,'Karimganj'),(231,4,'Kokrajhar'),(234,4,'North Lakhimpur'),(235,4,'Majuli'),(236,4,'Garamur'),(237,4,'Morigaon'),(238,4,'Nagaon'),(239,4,'Nalbari'),(240,4,'Sivasagar'),(241,4,'Sibsagar'),(242,4,'South Salmara'),(243,4,'Hatsingimari'),(244,4,'Sonitpur'),(245,4,'Tezpur'),(246,4,'Tinsukia'),(247,4,'Udalguri'),(248,4,'West Karbi Anglong'),(249,4,'Hamren'),(280,5,'Sasaram'),(295,7,'Balod'),(296,7,'Baloda Bazar'),(298,7,'Bastar'),(299,7,'Jagdalpur'),(300,7,'Bemetara'),(301,7,'Bijapur'),(302,7,'Bilaspur'),(303,7,'Dantewada'),(304,7,'Dhamtari'),(305,7,'Durg'),(306,7,'Gariaband'),(307,7,'Gaurela-Pendra-Marwahi'),(308,7,'Janjgir-Champa'),(309,7,'Naila Janjgir'),(310,7,'Jashpur'),(311,7,'Kabirdham'),(312,7,'Kawardha'),(313,7,'Kanker'),(314,7,'Kondagaon'),(315,7,'Korba'),(316,7,'Koriya'),(317,7,'Baikunthpur'),(318,7,'Mahasamund'),(319,7,'Mungeli'),(320,7,'Narayanpur'),(321,7,'Raigarh'),(322,7,'Raipur'),(323,7,'Rajnandgaon'),(324,7,'Sukma'),(325,7,'Surajpur'),(326,7,'Surguja'),(327,7,'Ambikapur'),(328,12,'Amreli'),(329,12,'Anand'),(330,12,'Aravalli'),(331,12,'Modasa'),(332,12,'Banaskantha'),(333,12,'Palanpur'),(334,12,'Bharuch'),(335,12,'Bhavnagar'),(336,12,'Botad'),(337,12,'Chhota Udepur'),(338,12,'Dahod'),(339,12,'Dang'),(340,12,'Ahwa'),(341,12,'Devbhoomi Dwarka'),(342,12,'Khambhalia'),(343,12,'Gandhinagar'),(344,12,'Gir Somnath'),(345,12,'Veraval'),(346,12,'Jamnagar'),(347,12,'Junagadh'),(348,12,'Kheda'),(349,12,'Nadiad'),(350,12,'Kutch'),(351,12,'Bhuj'),(352,12,'Mahisagar'),(353,12,'Lunavada'),(354,12,'Mehsana'),(355,12,'Morbi'),(356,12,'Narmada'),(357,12,'Rajpipla'),(358,12,'Navsari'),(359,12,'Panchmahal'),(360,12,'Godhra'),(361,12,'Patan'),(362,12,'Porbandar'),(363,12,'Rajkot'),(364,12,'Sabarkantha'),(365,12,'Himatnagar'),(366,12,'Surat'),(367,12,'Surendranagar'),(368,12,'Tapi'),(369,12,'Vyara'),(370,12,'Vadodara'),(371,12,'Valsad'),(372,11,'North Goa'),(373,11,'Panaji'),(374,11,'South Goa'),(375,11,'Margao'),(376,13,'Ambala'),(377,13,'Bhiwani'),(378,13,'Charkhi Dadri'),(379,13,'Faridabad'),(380,13,'Fatehabad'),(381,13,'Gurgaon'),(382,13,'Hissar'),(383,13,'Jhajjar'),(384,13,'Jind'),(385,13,'Kaithal'),(386,13,'Karnal'),(387,13,'Kurukshetra'),(388,13,'Mahendragarh'),(389,13,'Narnaul'),(390,13,'Nuh'),(391,13,'Palwal'),(392,13,'Panchkula'),(393,13,'Panipat'),(394,13,'Rewari'),(395,13,'Rohtak'),(396,13,'Sirsa'),(397,13,'Sonipat'),(398,13,'Yamuna Nagar'),(400,14,'Chamba'),(401,14,'Hamirpur'),(402,14,'Kangra'),(403,14,'Dharamshala'),(404,14,'Kinnaur'),(405,14,'Reckong Peo'),(406,14,'Kullu'),(407,14,'Lahaul and Spiti'),(408,14,'Keylong'),(409,14,'Mandi'),(410,14,'Shimla'),(411,14,'Sirmaur'),(412,14,'Nahan'),(413,14,'Solan'),(414,14,'Una'),(415,16,'Bokaro'),(416,16,'Chatra'),(417,16,'Deoghar'),(418,16,'Dhanbad'),(419,16,'Dumka'),(420,16,'East Singhbhum'),(421,16,'Jamshedpur'),(422,16,'Garhwa'),(423,16,'Giridih'),(424,16,'Godda'),(425,16,'Gumla'),(426,16,'Hazaribag'),(427,16,'Jamtara'),(428,16,'Khunti'),(429,16,'Koderma'),(430,16,'Latehar'),(431,16,'Lohardaga'),(432,16,'Pakur'),(433,16,'Palamu'),(434,16,'Ramgarh'),(435,16,'Ranchi'),(436,16,'Sahibganj'),(437,16,'Seraikela Kharsawan'),(438,16,'Seraikela'),(439,16,'Simdega'),(440,16,'West Singhbhum'),(441,16,'Chaibasa'),(442,17,'Bagalkot'),(443,17,'Ballari'),(444,17,'Belgaum'),(445,17,'Bangalore Rural'),(446,17,'Bangalore Urban'),(447,17,'Bidar'),(448,17,'Chamarajnagar'),(449,17,'Chikkaballapur'),(450,17,'Chikkamagaluru'),(451,17,'Chitradurga'),(452,17,'Dakshina Kannada'),(453,17,'Mangaluru'),(454,17,'Davanagere'),(455,17,'Dharwad'),(456,17,'Gadag'),(457,17,'Gadag-Betageri'),(458,17,'Gulbarga'),(459,17,'Hassan'),(460,17,'Haveri'),(461,17,'Kodagu'),(462,17,'Madikeri'),(463,17,'Kolar'),(464,17,'Koppal'),(465,17,'Mandya'),(466,17,'Mysuru'),(467,17,'Raichur'),(468,17,'Ramanagara'),(469,17,'Shimoga'),(470,17,'Tumakuru'),(471,17,'Udupi'),(472,17,'Uttara Kannada'),(473,17,'Vijayapura'),(474,17,'Yadgir'),(475,18,'Alappuzha'),(476,18,'Ernakulam'),(477,18,'Kakkanad'),(478,18,'Idukki'),(479,18,'Painavu'),(480,18,'Kannur'),(481,18,'Kasaragod'),(482,18,'Kollam'),(483,18,'Kottayam'),(484,18,'Kozhikode'),(485,18,'Malappuram'),(486,18,'Palakkad'),(487,18,'Pathanamthitta'),(488,18,'Thrissur'),(489,18,'Thiruvananthapuram'),(490,18,'Wayanad'),(491,18,'Kalpetta'),(492,20,'Agar Malwa'),(493,20,'Agar'),(494,20,'Alirajpur'),(495,20,'Anuppur'),(496,20,'Ashok Nagar'),(497,20,'Balaghat'),(498,20,'Barwani'),(499,20,'Betul'),(500,20,'Bhind'),(501,20,'Bhopal'),(502,20,'Burhanpur'),(503,20,'Chachaura-Binaganj'),(504,20,'Chachaura'),(505,20,'Chhatarpur'),(506,20,'Chhindwara'),(507,20,'Damoh'),(508,20,'Datia'),(509,20,'Dewas'),(510,20,'Dhar'),(511,20,'Dindori'),(512,20,'Guna'),(513,20,'Gwalior'),(514,20,'Harda'),(515,20,'Hoshangabad'),(516,20,'Indore'),(517,20,'Jabalpur'),(518,20,'Jhabua'),(519,20,'Katni'),(520,20,'Khandwa'),(521,20,'Khargone'),(522,20,'Maihar'),(523,20,'Mandla'),(524,20,'Mandsaur'),(525,20,'Morena'),(526,20,'Narsinghpur'),(527,20,'Nagda'),(528,20,'Neemuch'),(529,20,'Niwari'),(530,20,'Panna'),(531,20,'Raisen'),(532,20,'Rajgarh'),(533,20,'Ratlam'),(534,20,'Rewa'),(535,20,'Sagar'),(536,20,'Satna'),(537,20,'Sehore'),(538,20,'Seoni'),(539,20,'Shahdol'),(540,20,'Shajapur'),(541,20,'Sheopur'),(542,20,'Shivpuri'),(543,20,'Sidhi'),(544,20,'Singrauli'),(545,20,'Waidhan'),(546,20,'Tikamgarh'),(547,20,'Ujjain'),(548,20,'Umaria'),(549,20,'Vidisha'),(550,21,'Ahmednagar'),(551,21,'Akola'),(552,21,'Amravati'),(554,21,'Beed'),(555,21,'Bhandara'),(556,21,'Buldhana'),(557,21,'Chandrapur'),(558,21,'Dhule'),(559,21,'Gadchiroli'),(560,21,'Gondia'),(561,21,'Hingoli'),(562,21,'Jalgaon'),(563,21,'Jalna'),(564,21,'Kolhapur'),(565,21,'Latur'),(566,21,'Mumbai City'),(567,21,'Mumbai suburban'),(568,21,'Bandra'),(569,21,'Nanded'),(570,21,'Nandurbar'),(571,21,'Nagpur'),(572,21,'Nashik'),(573,21,'Osmanabad'),(574,21,'Palghar'),(575,21,'Parbhani'),(576,21,'Pune'),(577,21,'Raigad'),(578,21,'Alibag'),(579,21,'Ratnagiri'),(580,21,'Sangli'),(581,21,'Satara'),(582,21,'Sindhudurg'),(583,21,'Oros'),(584,21,'Solapur'),(585,21,'Thane'),(586,21,'Wardha'),(587,21,'Washim'),(588,21,'Yavatmal'),(589,22,'Bishnupur'),(590,22,'Chandel'),(591,22,'Churachandpur'),(592,22,'Imphal East'),(593,22,'Imphal West'),(594,22,'Jiribam'),(595,22,'Kakching'),(596,22,'Kamjong'),(597,22,'Kangpokpi'),(598,22,'Noney'),(599,22,'Pherzawl'),(600,22,'Senapati'),(601,22,'Tamenglong'),(602,22,'Tengnoupal'),(603,22,'Thoubal'),(604,22,'Ukhrul'),(605,22,'East Garo Hills'),(606,22,'Williamnagar'),(607,22,'East Khasi Hills'),(608,22,'Shillong'),(609,22,'East Jaintia Hills'),(610,22,'Khliehriat'),(611,22,'North Garo Hills'),(612,22,'Resubelpara'),(613,22,'Ri Bhoi'),(614,22,'Nongpoh'),(615,22,'South Garo Hills'),(616,22,'Baghmara'),(617,22,'South West Garo Hills'),(618,22,'Ampati'),(619,22,'South West Khasi Hills'),(620,22,'Mawkyrwat'),(621,22,'West Jaintia Hills'),(622,22,'Jowai'),(623,22,'West Garo Hills'),(624,22,'Tura'),(625,22,'West Khasi Hills'),(626,22,'Nongstoin'),(627,24,'Aizawl'),(628,24,'Champhai'),(629,24,'Kolasib'),(630,24,'Lawngtlai'),(631,24,'Lunglei'),(632,24,'Mamit'),(633,24,'Saiha'),(634,24,'Serchhip'),(635,25,'Dimapur'),(636,25,'Kiphire'),(637,25,'Kohima'),(638,25,'Longleng'),(639,25,'Mokokchung'),(640,25,'Mon'),(641,25,'Noklak'),(642,25,'Peren'),(643,25,'Phek'),(644,25,'Tuensang'),(645,25,'Wokha'),(646,25,'Zunheboto'),(647,26,'Angul'),(648,26,'Boudh'),(649,26,'Bhadrak'),(650,26,'Balangir'),(651,26,'Bargarh'),(652,26,'Balasore'),(653,26,'Cuttack'),(654,26,'Debagarh'),(655,26,'Dhenkanal'),(656,26,'Ganjam'),(657,26,'Chhatrapur'),(658,26,'Gajapati'),(659,26,'Paralakhemundi'),(660,26,'Jharsuguda'),(661,26,'Jajpur'),(662,26,'Panikoili'),(663,26,'Jagatsinghpur'),(664,26,'Khordha'),(665,26,'Kendujhar (Keonjhar)'),(666,26,'Kendujhar'),(667,26,'Kalahandi'),(668,26,'Bhawanipatna'),(669,26,'Kandhamal'),(670,26,'Phulbani'),(671,26,'Koraput'),(672,26,'Kendrapara'),(673,26,'Malkangiri'),(674,26,'Mayurbhanj'),(675,26,'Baripada'),(676,26,'Nabarangpur'),(677,26,'Nuapada'),(678,26,'Nayagarh'),(679,26,'Puri'),(680,26,'Rayagada'),(681,26,'Sambalpur'),(682,26,'Subarnapur'),(683,26,'Sundargarh'),(684,28,'Amritsar'),(685,28,'Barnala'),(686,28,'Bathinda'),(687,28,'Firozpur'),(688,28,'Faridkot'),(689,28,'Fatehgarh Sahib'),(690,28,'Fazilka'),(691,28,'Gurdaspur'),(692,28,'Hoshiarpur'),(693,28,'Jalandhar'),(694,28,'Kapurthala'),(695,28,'Ludhiana'),(696,28,'Mansa'),(697,28,'Moga'),(698,28,'Sri Muktsar Sahib'),(699,28,'Pathankot'),(700,28,'Patiala'),(701,28,'Rupnagar'),(702,28,'Sahibzada Ajit Singh Nagar'),(703,28,'Mohali'),(704,28,'Sangrur'),(705,28,'Shahid Bhagat Singh Nagar'),(706,28,'Nawanshahr'),(707,28,'Tarn Taran'),(708,28,'Tarn Taran Sahib'),(709,29,'Ajmer'),(710,29,'Alwar'),(711,29,'Bikaner'),(712,29,'Barmer'),(713,29,'Banswara'),(714,29,'Bharatpur'),(715,29,'Baran'),(716,29,'Bundi'),(717,29,'Bhilwara'),(718,29,'Churu'),(719,29,'Chittorgarh'),(720,29,'Dausa'),(721,29,'Dholpur'),(722,29,'Dungarpur'),(723,29,'Ganganagar'),(724,29,'Hanumangarh'),(725,29,'Jhunjhunu'),(726,29,'Jalore'),(727,29,'Jodhpur'),(728,29,'Jaipur'),(729,29,'Jaisalmer'),(730,29,'Jhalawar'),(731,29,'Karauli'),(732,29,'Kota'),(733,29,'Nagaur'),(734,29,'Pali'),(735,29,'Pratapgarh'),(736,29,'Rajsamand'),(737,29,'Sikar'),(738,29,'Sawai Madhopur'),(739,29,'Sirohi'),(740,29,'Tonk'),(741,29,'Udaipur'),(742,30,'East Sikkim'),(743,30,'Gangtok'),(744,30,'North Sikkim'),(745,30,'Mangan'),(746,30,'South Sikkim'),(747,30,'Namchi'),(748,30,'West Sikkim'),(749,30,'Geyzing'),(750,32,'Dhalai'),(751,32,'Gomati'),(752,32,'Khowai'),(753,32,'North Tripura'),(754,32,'Dharmanagar'),(755,32,'Sepahijala'),(756,32,'Bishramganj'),(757,32,'South Tripura'),(758,32,'Belonia'),(759,32,'Unokoti'),(760,32,'Kailashahar'),(761,32,'West Tripura'),(762,32,'Agartala'),(763,33,'Agra'),(764,33,'Aligarh'),(765,33,'Allahabad'),(766,33,'Ambedkar Nagar'),(767,33,'Akbarpur'),(768,33,'Amethi'),(769,33,'Gauriganj'),(770,33,'Amroha'),(771,33,'Auraiya'),(772,33,'Azamgarh'),(773,33,'Bagpat'),(774,33,'Bahraich'),(775,33,'Ballia'),(776,33,'Balrampur'),(777,33,'Banda'),(778,33,'Barabanki'),(779,33,'Bareilly'),(780,33,'Basti'),(781,33,'Bhadohi'),(782,33,'Gyanpur'),(783,33,'Bijnor'),(784,33,'Budaun'),(785,33,'Bulandshahr'),(786,33,'Chandauli'),(787,33,'Chitrakoot'),(788,33,'Karwi'),(789,33,'Deoria'),(790,33,'Etah'),(791,33,'Etawah'),(792,33,'Faizabad'),(793,33,'Farrukhabad'),(794,33,'Fatehpur'),(795,33,'Firozabad'),(796,33,'Gautam Buddh Nagar'),(797,33,'Noida'),(798,33,'Ghaziabad'),(799,33,'Ghazipur'),(800,33,'Gonda'),(801,33,'Gorakhpur'),(803,33,'Hapur'),(804,33,'Hardoi'),(805,33,'Hathras'),(806,33,'Jalaun'),(807,33,'Jaunpur'),(808,33,'Jhansi'),(809,33,'Kannauj'),(810,33,'Kanpur Dehat'),(812,33,'Kanpur Nagar'),(813,33,'Kanpur'),(814,33,'Kasganj'),(815,33,'Kaushambi'),(816,33,'Manjhanpur'),(817,33,'Kushinagar'),(818,33,'Padrauna'),(819,33,'Lakhimpur Kheri'),(820,33,'Lakhimpur'),(821,33,'Lalitpur'),(822,33,'Lucknow'),(823,33,'Maharajganj'),(824,33,'Mahoba'),(825,33,'Mainpuri'),(826,33,'Mathura'),(827,33,'Mau'),(828,33,'Meerut'),(829,33,'Mirzapur'),(830,33,'Moradabad'),(831,33,'Muzaffarnagar'),(832,33,'Pilibhit'),(834,33,'Raebareli'),(835,33,'Rampur'),(836,33,'Saharanpur'),(837,33,'Sambhal'),(838,33,'Sant Kabir Nagar'),(839,33,'Shahjahanpur'),(840,33,'Shamli'),(841,33,'Shravasti'),(842,33,'Siddharthnagar'),(843,33,'Sitapur'),(844,33,'Sonbhadra'),(845,33,'Robertsganj'),(846,33,'Sultanpur'),(847,33,'Unnao'),(848,33,'Varanasi'),(849,34,'Almora'),(850,34,'Bageshwar'),(851,34,'Chamoli'),(852,34,'Gopeshwar'),(853,34,'Champawat'),(854,34,'Dehradun'),(855,34,'Haridwar'),(856,34,'Nainital'),(857,34,'Pauri Garhwal'),(858,34,'Pithoragarh'),(859,34,'Rudraprayag'),(860,34,'Tehri Garhwal'),(861,34,'New Tehri'),(862,34,'Udham Singh Nagar'),(863,34,'Rudrapur'),(864,34,'Uttarkashi'),(865,36,'Alipurduar'),(866,36,'Bankura'),(867,36,'Paschim Bardhaman'),(868,36,'Purba Bardhaman'),(869,36,'Birbhum'),(870,36,'Suri'),(871,36,'Cooch Behar'),(872,36,'Dakshin Dinajpur'),(873,36,'Balurghat'),(874,36,'Darjeeling'),(875,36,'Hooghly'),(876,36,'Chinsurah'),(877,36,'Howrah'),(879,36,'Jalpaiguri'),(880,36,'Jhargram'),(881,36,'Kalimpong'),(882,36,'Kolkata'),(883,36,'Maldah'),(884,36,'English Bazar'),(885,36,'Murshidabad'),(886,36,'Baharampur'),(887,36,'Nadia'),(888,36,'Krishnanagar'),(889,36,'North 24 Parganas'),(890,36,'Barasat'),(891,36,'Paschim Medinipur'),(892,36,'Midnapore'),(893,36,'Purba Medinipur'),(894,36,'Tamluk'),(895,36,'Purulia'),(896,36,'South 24 Parganas'),(897,36,'Alipore'),(898,36,'Uttar Dinajpur'),(899,36,'Raiganj'),(906,1,'Chandigarh'),(907,8,'Daman'),(908,8,'Diu'),(909,8,'Dadra and Nagar Haveli'),(910,8,'Silvassa'),(911,15,'Anantnag'),(912,15,'Bandipora'),(913,15,'Baramulla'),(914,15,'Badgam'),(915,15,'Doda'),(916,15,'Ganderbal'),(917,15,'Jammu'),(918,15,'Kathua'),(919,15,'Kishtwar'),(920,15,'Kulgam'),(921,15,'Kupwara'),(922,15,'Pulwama'),(923,15,'Rajouri'),(924,15,'Ramban'),(925,15,'Reasi'),(926,15,'Samba'),(927,15,'Shopian'),(928,15,'Srinagar'),(929,15,'Udhampur'),(930,15,'Lakshadweep'),(932,15,'Kavaratti'),(934,35,'Komaram Bheem'),(935,35,'Bhadradri Kothagudem'),(937,35,'Jagtial'),(938,35,'Jangaon'),(939,35,'Jayashankar Bhupalpally'),(940,35,'Bhupalpalle'),(941,35,'Jogulamba Gadwal'),(942,35,'Kamareddy'),(945,35,'Mahabubabad'),(947,35,'Mancherial'),(949,35,'Medchal-Malkajgiri'),(950,35,'Shamirpet'),(951,35,'Mulugu'),(953,35,'Narayanpet'),(954,35,'Nagarkurnool'),(955,35,'Nirmal'),(957,35,'Peddapalli'),(958,35,'Rajanna Sircilla'),(959,35,'Ranga Reddy'),(960,35,'Shamshabad'),(961,35,'Sangareddy'),(962,35,'Siddipet'),(963,35,'Suryapet'),(964,35,'Vikarabad'),(965,35,'Wanaparthy'),(966,35,'Warangal Urban'),(968,35,'Warangal Rural'),(969,35,'Geesugonda'),(970,35,'Yadadri Bhuvanagiri'),(971,35,'Bhongiri'),(972,9,'Central Delhi'),(973,9,'Daryaganj'),(974,9,'East Delhi'),(975,9,'Preet Vihar'),(976,9,'New Delhi'),(977,9,'Connaught Place'),(978,9,'North Delhi'),(979,9,'Sadar Bazaar'),(980,9,'North East Delhi'),(981,9,'Seelampur'),(982,9,'North West Delhi'),(983,9,'Kanjhawala'),(984,9,'Shahdara'),(985,9,'South Delhi'),(986,9,'Saket'),(987,9,'South East Delhi'),(988,9,'Defence Colony'),(989,9,'South West Delhi'),(990,9,'Vasant Vihar'),(991,9,'West Delhi'),(992,9,'Rajouri Garden'),(993,27,'Karaikal'),(994,27,'Mahe'),(995,27,'Pondicherry'),(996,27,'Yanam'),(997,129,'Kargil'),(998,129,'Leh'),(999,31,'Tenkasi'),(1000,31,'Kallakurichi'),(1001,31,'Tirupattur'),(1002,31,'Chengalpattu'),(1003,31,'Mayiladuthurai');

/*Table structure for table `_jstatenames` */

DROP TABLE IF EXISTS `_jstatenames`;

CREATE TABLE `_jstatenames` (
  `stateid` int(11) NOT NULL AUTO_INCREMENT,
  `countryid` int(11) DEFAULT NULL,
  `statenames` varchar(255) DEFAULT NULL,
  PRIMARY KEY (`stateid`)
) ENGINE=InnoDB AUTO_INCREMENT=130 DEFAULT CHARSET=latin1;

/*Data for the table `_jstatenames` */

insert  into `_jstatenames`(`stateid`,`countryid`,`statenames`) values (1,1,'Andaman Nicobar'),(2,1,'Andhra Pradesh'),(3,1,'Arunachal Pradesh'),(4,1,'Assam'),(5,1,'Bihar'),(6,1,'Chandigarh'),(7,1,'Chhattisgarh'),(8,1,'Dadra and Nagar Haveli and Daman and Diu'),(9,1,'Delhi'),(10,0,''),(11,1,'Goa'),(12,1,'Gujarat'),(13,1,'Haryana'),(14,1,'Himachal Pradesh'),(15,1,'Jammu and Kashmir'),(16,1,'Jharkhand'),(17,1,'Karnataka'),(18,1,'Kerala'),(19,1,'Lakshadweep'),(20,1,'Madhya Pradesh'),(21,1,'Maharashtra'),(22,1,'Manipur'),(23,1,'Meghalaya'),(24,1,'Mizoram'),(25,1,'Nagaland'),(26,1,'Odisha'),(27,1,'Pondicherry'),(28,1,'Punjab'),(29,1,'Rajasthan'),(30,1,'Sikkim'),(31,1,'TamilNadu'),(32,1,'Tripura'),(33,1,'Uttar Pradesh'),(34,1,'Uttarakhand'),(35,1,'Telangana'),(36,1,'West Bengal'),(37,2,'Kuala Lumpur'),(38,2,'Labuan'),(39,2,'Putrajaya'),(40,2,'Johor '),(41,2,'Kedah '),(42,2,'Kelantan '),(43,2,'Malacca '),(44,2,'Negeri Sembilan '),(45,2,'Pahang '),(46,2,'Perak '),(47,2,'Perlis '),(48,2,'Penang'),(49,2,'Sabah'),(50,2,'Sarawak'),(53,3,NULL),(54,3,'Bishan'),(55,3,'Bukit Merah'),(56,3,'Bukit Timah'),(57,3,'Downtown Core'),(58,3,'Geylang'),(59,3,'Marina East'),(60,3,'Marina South'),(61,3,'Museum'),(62,3,'Newton'),(63,3,'Novena'),(64,3,'Orchard'),(65,3,'Outram'),(66,3,'Queenstown'),(67,3,'River Valley'),(68,3,'Rochor'),(69,3,'Singapore River'),(70,3,'Straits VIEW'),(71,3,'Tanglin'),(72,3,'Toa Payoh'),(73,3,'Bedok'),(74,3,'Changi Bay'),(75,3,'Pasir Ris'),(76,3,'Paya Lebar'),(77,3,'Tampines'),(78,3,'Central Water Catchment'),(79,3,'Mandai'),(80,3,'Sembawang'),(81,3,'Simpang'),(82,3,'Sungei Kadut'),(83,3,'Woodlands'),(84,3,'Yishun'),(85,3,'Ang Mo Kio'),(86,3,'North-Eastern Islands'),(87,3,'Hougang'),(88,3,'Punggol'),(89,3,'Seletar'),(90,3,'Sengkang'),(91,3,'Serangoon'),(92,3,'Boon Lay'),(93,3,'Bukit Batok'),(94,3,'Bukit Panjang'),(95,3,'Choa Chu Kang'),(96,3,'Clementi'),(97,3,'Jurong East'),(98,3,'Jurong West'),(99,3,'Pioneer'),(100,3,'Tengah'),(101,3,'Tuas'),(102,3,'Western Islands'),(103,3,'Western Water Catchment'),(104,4,'Ampara'),(105,4,'Anuradhapura'),(106,4,'Badulla'),(107,4,'Batticaloa'),(108,4,'Colombo'),(109,4,'Galle'),(110,4,'Gampaha'),(111,4,'Hambantota'),(112,4,'Jaffna'),(113,4,'Kalutara'),(114,4,'Kandy'),(115,4,'Kegalle'),(116,4,'Kilinochchi'),(117,4,'Kurunegala'),(118,4,'Mannar'),(119,4,'Matale'),(120,NULL,'Matara'),(121,NULL,'Monaragala'),(122,NULL,'Mullaitivu'),(123,NULL,'Nuwara Eliya'),(124,NULL,'Polonnaruwa'),(125,NULL,'Puttalam'),(126,NULL,'Ratnapura'),(127,NULL,'Trincomalee'),(128,NULL,'Vavuniya'),(129,1,'Ladakh');

/*Table structure for table `_tblPayments` */

DROP TABLE IF EXISTS `_tblPayments`;

CREATE TABLE `_tblPayments` (
  `PaymentID` int(11) NOT NULL AUTO_INCREMENT,
  `TxnDate` datetime DEFAULT NULL,
  `TxnAmount` varchar(255) DEFAULT NULL,
  `ClientID` int(11) DEFAULT NULL,
  `APIResposne` text,
  `TxnStatus` varchar(255) DEFAULT NULL,
  `ErrorMessage` varchar(255) DEFAULT NULL,
  `PaymentFor` varchar(255) DEFAULT NULL,
  `PaymentReqID` varchar(255) DEFAULT NULL,
  `PaymentResponse` text,
  `IsProcessed` int(11) DEFAULT '0',
  `PaymentFrom` varchar(255) DEFAULT NULL,
  `JobTypeID` int(11) DEFAULT '0',
  PRIMARY KEY (`PaymentID`)
) ENGINE=InnoDB AUTO_INCREMENT=23 DEFAULT CHARSET=latin1;

/*Data for the table `_tblPayments` */

insert  into `_tblPayments`(`PaymentID`,`TxnDate`,`TxnAmount`,`ClientID`,`APIResposne`,`TxnStatus`,`ErrorMessage`,`PaymentFor`,`PaymentReqID`,`PaymentResponse`,`IsProcessed`,`PaymentFrom`,`JobTypeID`) values (1,'2020-05-25 10:34:08','10',42,'{\n    \"success\": true,\n    \"payment_request\": {\n        \"id\": \"3cbab14965204cee856ddd985491de4c\",\n        \"phone\": \"+919988776652\",\n        \"email\": \"sharmila2@gmail.com\",\n        \"buyer_name\": \"Sharmila\",\n        \"amount\": \"10.00\",\n        \"purpose\": \"Membership Fee\",\n        \"expires_at\": null,\n        \"status\": \"Pending\",\n        \"send_sms\": false,\n        \"send_email\": false,\n        \"sms_status\": null,\n        \"email_status\": null,\n        \"shorturl\": null,\n        \"longurl\": \"https://www.instamojo.com/@needjobs611/3cbab14965204cee856ddd985491de4c\",\n        \"redirect_url\": \"https://www.cinemanewfaces.com/Payment.php\",\n        \"webhook\": \"https://www.cinemanewfaces.com/\",\n        \"allow_repeated_payments\": false,\n        \"customer_id\": null,\n        \"created_at\": \"2020-05-25T05:04:08.876838Z\",\n        \"modified_at\": \"2020-05-25T05:04:08.876854Z\"\n    }\n}\n','Success',NULL,'Membership','3cbab14965204cee856ddd985491de4c','{\n    \"success\": true,\n    \"payment_request\": {\n        \"id\": \"3cbab14965204cee856ddd985491de4c\",\n        \"phone\": \"+919988776652\",\n        \"email\": \"sharmila2@gmail.com\",\n        \"buyer_name\": \"Sharmila\",\n        \"amount\": \"10.00\",\n        \"purpose\": \"Membership Fee\",\n        \"expires_at\": null,\n        \"status\": \"Completed\",\n        \"send_sms\": false,\n        \"send_email\": false,\n        \"sms_status\": null,\n        \"email_status\": null,\n        \"shorturl\": \"https://imjo.in/PkTGhZ\",\n        \"longurl\": \"https://www.instamojo.com/@needjobs611/3cbab14965204cee856ddd985491de4c\",\n        \"redirect_url\": \"https://www.cinemanewfaces.com/Payment.php\",\n        \"webhook\": \"https://www.cinemanewfaces.com/\",\n        \"payments\": [\n            {\n                \"payment_id\": \"MOJO0525805N75593066\",\n                \"status\": \"Credit\",\n                \"currency\": \"INR\",\n                \"amount\": \"10.00\",\n                \"buyer_name\": \"Sharmila\",\n                \"buyer_phone\": \"+919988776652\",\n                \"buyer_email\": \"sharmila2@gmail.com\",\n                \"shipping_address\": null,\n                \"shipping_city\": null,\n                \"shipping_state\": null,\n                \"shipping_zip\": null,\n                \"shipping_country\": null,\n                \"quantity\": 1,\n                \"unit_price\": \"10.00\",\n                \"fees\": \"3.20\",\n                \"variants\": [],\n                \"custom_fields\": {},\n                \"affiliate_commission\": \"0\",\n                \"payment_request\": \"https://www.instamojo.com/api/1.1/payment-requests/3cbab14965204cee856ddd985491de4c/\",\n                \"instrument_type\": \"NETBANKING\",\n                \"billing_instrument\": \"Domestic Netbanking Regular\",\n                \"tax_invoice_id\": \"\",\n                \"failure\": null,\n                \"payout\": null,\n                \"created_at\": \"2020-05-25T05:04:28.706441Z\"\n            }\n        ],\n        \"allow_repeated_payments\": false,\n        \"customer_id\": null,\n        \"created_at\": \"2020-05-25T05:04:08.876838Z\",\n        \"modified_at\": \"2020-05-25T05:05:42.452250Z\"\n    }\n}\n',1,NULL,0),(2,'2020-05-25 10:44:20','300',43,'{\n    \"success\": true,\n    \"payment_request\": {\n        \"id\": \"3fb59029568b41ee902a4955a10ca3dd\",\n        \"phone\": \"+919386754098\",\n        \"email\": \"Anu@gmail.com\",\n        \"buyer_name\": \"Anu\",\n        \"amount\": \"300.00\",\n        \"purpose\": \"Membership Fee\",\n        \"expires_at\": null,\n        \"status\": \"Pending\",\n        \"send_sms\": false,\n        \"send_email\": false,\n        \"sms_status\": null,\n        \"email_status\": null,\n        \"shorturl\": null,\n        \"longurl\": \"https://www.instamojo.com/@needjobs611/3fb59029568b41ee902a4955a10ca3dd\",\n        \"redirect_url\": \"https://www.cinemanewfaces.com/Payment.php\",\n        \"webhook\": \"https://www.cinemanewfaces.com/\",\n        \"allow_repeated_payments\": false,\n        \"customer_id\": null,\n        \"created_at\": \"2020-05-25T05:14:20.916273Z\",\n        \"modified_at\": \"2020-05-25T05:14:20.916288Z\"\n    }\n}\n',NULL,NULL,'Membership','3fb59029568b41ee902a4955a10ca3dd',NULL,0,NULL,0),(3,'2020-05-25 10:47:04','300',43,'{\n    \"success\": true,\n    \"payment_request\": {\n        \"id\": \"c90b3e825f58495d94085f349022010f\",\n        \"phone\": \"+919386754098\",\n        \"email\": \"Anu@gmail.com\",\n        \"buyer_name\": \"Anu\",\n        \"amount\": \"300.00\",\n        \"purpose\": \"Membership Fee\",\n        \"expires_at\": null,\n        \"status\": \"Pending\",\n        \"send_sms\": false,\n        \"send_email\": false,\n        \"sms_status\": null,\n        \"email_status\": null,\n        \"shorturl\": null,\n        \"longurl\": \"https://www.instamojo.com/@needjobs611/c90b3e825f58495d94085f349022010f\",\n        \"redirect_url\": \"https://www.cinemanewfaces.com/Payment.php\",\n        \"webhook\": \"https://www.cinemanewfaces.com/\",\n        \"allow_repeated_payments\": false,\n        \"customer_id\": null,\n        \"created_at\": \"2020-05-25T05:17:04.839726Z\",\n        \"modified_at\": \"2020-05-25T05:17:04.839741Z\"\n    }\n}\n',NULL,NULL,'Membership','c90b3e825f58495d94085f349022010f',NULL,0,NULL,0),(4,'2020-05-26 22:31:54','300',48,'{\n    \"success\": true,\n    \"payment_request\": {\n        \"id\": \"e43b339dec8448e3ac9d99ea2266d484\",\n        \"phone\": \"+919566279498\",\n        \"email\": \"bharathraja1807@gmail.com\",\n        \"buyer_name\": \"R.N.bharath Raja\",\n        \"amount\": \"300.00\",\n        \"purpose\": \"Membership Fee\",\n        \"expires_at\": null,\n        \"status\": \"Pending\",\n        \"send_sms\": false,\n        \"send_email\": false,\n        \"sms_status\": null,\n        \"email_status\": null,\n        \"shorturl\": null,\n        \"longurl\": \"https://www.instamojo.com/@needjobs611/e43b339dec8448e3ac9d99ea2266d484\",\n        \"redirect_url\": \"https://www.cinemanewfaces.com/Payment.php\",\n        \"webhook\": \"https://www.cinemanewfaces.com/\",\n        \"allow_repeated_payments\": false,\n        \"customer_id\": null,\n        \"created_at\": \"2020-05-26T17:01:55.876183Z\",\n        \"modified_at\": \"2020-05-26T17:01:55.876199Z\"\n    }\n}\n',NULL,NULL,'Membership','e43b339dec8448e3ac9d99ea2266d484',NULL,0,NULL,0),(5,'2020-05-27 23:04:18','300',49,'{\n    \"success\": true,\n    \"payment_request\": {\n        \"id\": \"74ce1b05b9664da2bb5c9640aef8957e\",\n        \"phone\": \"+918667662145\",\n        \"email\": \"prabhuc1@yahoo.com\",\n        \"buyer_name\": \"PRABHU\",\n        \"amount\": \"300.00\",\n        \"purpose\": \"Membership Fee\",\n        \"expires_at\": null,\n        \"status\": \"Pending\",\n        \"send_sms\": false,\n        \"send_email\": false,\n        \"sms_status\": null,\n        \"email_status\": null,\n        \"shorturl\": null,\n        \"longurl\": \"https://www.instamojo.com/@needjobs611/74ce1b05b9664da2bb5c9640aef8957e\",\n        \"redirect_url\": \"https://www.cinemanewfaces.com/Payment.php\",\n        \"webhook\": \"https://www.cinemanewfaces.com/\",\n        \"allow_repeated_payments\": false,\n        \"customer_id\": null,\n        \"created_at\": \"2020-05-27T17:34:19.482357Z\",\n        \"modified_at\": \"2020-05-27T17:34:19.482397Z\"\n    }\n}\n',NULL,NULL,'Membership','74ce1b05b9664da2bb5c9640aef8957e',NULL,0,NULL,0),(6,'2020-06-18 15:40:11','300',64,'{\n    \"success\": true,\n    \"payment_request\": {\n        \"id\": \"9a7e0799d4a34c0480c0f43fbc104d25\",\n        \"phone\": \"+919500747425\",\n        \"email\": \"Jeya@gmail.com\",\n        \"buyer_name\": \"Jeya\",\n        \"amount\": \"300.00\",\n        \"purpose\": \"Membership Fee\",\n        \"expires_at\": null,\n        \"status\": \"Pending\",\n        \"send_sms\": false,\n        \"send_email\": false,\n        \"sms_status\": null,\n        \"email_status\": null,\n        \"shorturl\": null,\n        \"longurl\": \"https://www.instamojo.com/@needjobs611/9a7e0799d4a34c0480c0f43fbc104d25\",\n        \"redirect_url\": \"https://www.cinemanewfaces.com/Payment.php\",\n        \"webhook\": \"https://www.cinemanewfaces.com/\",\n        \"allow_repeated_payments\": false,\n        \"customer_id\": null,\n        \"created_at\": \"2020-06-18T10:10:13.595462Z\",\n        \"modified_at\": \"2020-06-18T10:10:13.595479Z\"\n    }\n}\n',NULL,NULL,'Membership','9a7e0799d4a34c0480c0f43fbc104d25',NULL,0,NULL,0),(7,'2020-06-26 14:25:38','300',71,'{\n    \"success\": true,\n    \"payment_request\": {\n        \"id\": \"260d07e156f24ad8a8b7010edec631a0\",\n        \"phone\": \"+919074184514\",\n        \"email\": \"Saju83230@gmail.com\",\n        \"buyer_name\": \"Saju Sajith\",\n        \"amount\": \"300.00\",\n        \"purpose\": \"Membership Fee\",\n        \"expires_at\": null,\n        \"status\": \"Pending\",\n        \"send_sms\": false,\n        \"send_email\": false,\n        \"sms_status\": null,\n        \"email_status\": null,\n        \"shorturl\": null,\n        \"longurl\": \"https://www.instamojo.com/@needjobs611/260d07e156f24ad8a8b7010edec631a0\",\n        \"redirect_url\": \"https://www.cinemanewfaces.com/Payment.php\",\n        \"webhook\": \"https://www.cinemanewfaces.com/\",\n        \"allow_repeated_payments\": false,\n        \"customer_id\": null,\n        \"created_at\": \"2020-06-26T08:55:39.580224Z\",\n        \"modified_at\": \"2020-06-26T08:55:39.580246Z\"\n    }\n}\n',NULL,NULL,'Membership','260d07e156f24ad8a8b7010edec631a0',NULL,0,NULL,0),(8,'2020-06-27 13:27:46','300',72,'{\n    \"success\": true,\n    \"payment_request\": {\n        \"id\": \"947bf3d5452c475a9c27f560fd556936\",\n        \"phone\": \"+919384376273\",\n        \"email\": \"aktharhussain93843@gmail.com\",\n        \"buyer_name\": \"Akthar Hussain\",\n        \"amount\": \"300.00\",\n        \"purpose\": \"Membership Fee\",\n        \"expires_at\": null,\n        \"status\": \"Pending\",\n        \"send_sms\": false,\n        \"send_email\": false,\n        \"sms_status\": null,\n        \"email_status\": null,\n        \"shorturl\": null,\n        \"longurl\": \"https://www.instamojo.com/@needjobs611/947bf3d5452c475a9c27f560fd556936\",\n        \"redirect_url\": \"https://www.cinemanewfaces.com/Payment.php\",\n        \"webhook\": \"https://www.cinemanewfaces.com/\",\n        \"allow_repeated_payments\": false,\n        \"customer_id\": null,\n        \"created_at\": \"2020-06-27T07:57:47.749551Z\",\n        \"modified_at\": \"2020-06-27T07:57:47.749566Z\"\n    }\n}\n',NULL,NULL,'Membership','947bf3d5452c475a9c27f560fd556936',NULL,0,NULL,0),(9,'2020-06-28 12:00:00','300',73,'{\n    \"success\": false,\n    \"message\": {\n        \"email\": [\n            \"Invalid email address\"\n        ]\n    }\n}\n','Failure',NULL,'Membership','',NULL,1,NULL,0),(10,'2020-06-28 12:00:37','300',73,'{\n    \"success\": false,\n    \"message\": {\n        \"email\": [\n            \"Invalid email address\"\n        ]\n    }\n}\n','Failure',NULL,'Membership','',NULL,1,NULL,0),(11,'2020-06-28 12:22:01','300',74,'{\n    \"success\": false,\n    \"message\": {\n        \"email\": [\n            \"Email address too long or short\",\n            \"Enter a valid email address.\"\n        ]\n    }\n}\n','Failure',NULL,'Membership','',NULL,1,NULL,0),(12,'2020-07-02 11:25:22','300',76,'{\n    \"success\": true,\n    \"payment_request\": {\n        \"id\": \"7be9cf058208414f9f7fe68a4a74f251\",\n        \"phone\": \"+919945600418\",\n        \"email\": \"Mz8281897@gmail.com\",\n        \"buyer_name\": \"Mohammed zain\",\n        \"amount\": \"300.00\",\n        \"purpose\": \"Membership Fee\",\n        \"expires_at\": null,\n        \"status\": \"Pending\",\n        \"send_sms\": false,\n        \"send_email\": false,\n        \"sms_status\": null,\n        \"email_status\": null,\n        \"shorturl\": null,\n        \"longurl\": \"https://www.instamojo.com/@needjobs611/7be9cf058208414f9f7fe68a4a74f251\",\n        \"redirect_url\": \"https://www.cinemanewfaces.com/Payment.php\",\n        \"webhook\": \"https://www.cinemanewfaces.com/\",\n        \"allow_repeated_payments\": false,\n        \"customer_id\": null,\n        \"created_at\": \"2020-07-02T05:55:24.005827Z\",\n        \"modified_at\": \"2020-07-02T05:55:24.005843Z\"\n    }\n}\n',NULL,NULL,'Membership','7be9cf058208414f9f7fe68a4a74f251',NULL,0,NULL,0),(13,'2020-07-13 14:37:25','300',79,'{\n    \"success\": true,\n    \"payment_request\": {\n        \"id\": \"c4d527a208664885bbdc3f9d73706aff\",\n        \"phone\": \"+919025839054\",\n        \"email\": \"murugeshpandiya5459@gmail.com\",\n        \"buyer_name\": \"PANDIYA .M\",\n        \"amount\": \"300.00\",\n        \"purpose\": \"Membership Fee\",\n        \"expires_at\": null,\n        \"status\": \"Pending\",\n        \"send_sms\": false,\n        \"send_email\": false,\n        \"sms_status\": null,\n        \"email_status\": null,\n        \"shorturl\": null,\n        \"longurl\": \"https://www.instamojo.com/@needjobs611/c4d527a208664885bbdc3f9d73706aff\",\n        \"redirect_url\": \"https://www.cinemanewfaces.com/Payment.php\",\n        \"webhook\": \"https://www.cinemanewfaces.com/\",\n        \"allow_repeated_payments\": false,\n        \"customer_id\": null,\n        \"created_at\": \"2020-07-13T09:07:26.487995Z\",\n        \"modified_at\": \"2020-07-13T09:07:26.488029Z\"\n    }\n}\n',NULL,NULL,'Membership','c4d527a208664885bbdc3f9d73706aff',NULL,0,NULL,0),(14,'2020-07-13 15:56:27','300',80,'{\n    \"success\": true,\n    \"payment_request\": {\n        \"id\": \"d337f9cecd7f4d59a07a84ea95cf53d2\",\n        \"phone\": \"+919445117963\",\n        \"email\": \"Kuthbudhin786@gmail.com\",\n        \"buyer_name\": \"Mohamed quthbudhin. I\",\n        \"amount\": \"300.00\",\n        \"purpose\": \"Membership Fee\",\n        \"expires_at\": null,\n        \"status\": \"Pending\",\n        \"send_sms\": false,\n        \"send_email\": false,\n        \"sms_status\": null,\n        \"email_status\": null,\n        \"shorturl\": null,\n        \"longurl\": \"https://www.instamojo.com/@needjobs611/d337f9cecd7f4d59a07a84ea95cf53d2\",\n        \"redirect_url\": \"https://www.cinemanewfaces.com/Payment.php\",\n        \"webhook\": \"https://www.cinemanewfaces.com/\",\n        \"allow_repeated_payments\": false,\n        \"customer_id\": null,\n        \"created_at\": \"2020-07-13T10:26:28.935247Z\",\n        \"modified_at\": \"2020-07-13T10:26:28.935265Z\"\n    }\n}\n',NULL,NULL,'Membership','d337f9cecd7f4d59a07a84ea95cf53d2',NULL,0,NULL,0),(15,'2020-07-15 09:27:45','300',82,'{\n    \"success\": true,\n    \"payment_request\": {\n        \"id\": \"8739f346cfb9481ebc4b2877aa3cd602\",\n        \"phone\": \"+919677034188\",\n        \"email\": \"karthilevel38@gmail.com\",\n        \"buyer_name\": \"Karthick\",\n        \"amount\": \"300.00\",\n        \"purpose\": \"Membership Fee\",\n        \"expires_at\": null,\n        \"status\": \"Pending\",\n        \"send_sms\": false,\n        \"send_email\": false,\n        \"sms_status\": null,\n        \"email_status\": null,\n        \"shorturl\": null,\n        \"longurl\": \"https://www.instamojo.com/@needjobs611/8739f346cfb9481ebc4b2877aa3cd602\",\n        \"redirect_url\": \"https://www.cinemanewfaces.com/Payment.php\",\n        \"webhook\": \"https://www.cinemanewfaces.com/\",\n        \"allow_repeated_payments\": false,\n        \"customer_id\": null,\n        \"created_at\": \"2020-07-15T03:57:46.804386Z\",\n        \"modified_at\": \"2020-07-15T03:57:46.804401Z\"\n    }\n}\n',NULL,NULL,'Membership','8739f346cfb9481ebc4b2877aa3cd602',NULL,0,NULL,0),(16,'2020-07-15 19:22:09','300',82,'{\n    \"success\": true,\n    \"payment_request\": {\n        \"id\": \"f5ea62a793734feab0a395b9cf11fb7c\",\n        \"phone\": \"+919677034188\",\n        \"email\": \"karthilevel38@gmail.com\",\n        \"buyer_name\": \"Karthick\",\n        \"amount\": \"300.00\",\n        \"purpose\": \"Membership Fee\",\n        \"expires_at\": null,\n        \"status\": \"Pending\",\n        \"send_sms\": false,\n        \"send_email\": false,\n        \"sms_status\": null,\n        \"email_status\": null,\n        \"shorturl\": null,\n        \"longurl\": \"https://www.instamojo.com/@needjobs611/f5ea62a793734feab0a395b9cf11fb7c\",\n        \"redirect_url\": \"https://www.cinemanewfaces.com/Payment.php\",\n        \"webhook\": \"https://www.cinemanewfaces.com/\",\n        \"allow_repeated_payments\": false,\n        \"customer_id\": null,\n        \"created_at\": \"2020-07-15T13:52:10.661993Z\",\n        \"modified_at\": \"2020-07-15T13:52:10.662030Z\"\n    }\n}\n',NULL,NULL,'Membership','f5ea62a793734feab0a395b9cf11fb7c',NULL,0,NULL,0),(17,'2020-07-15 19:24:21','300',82,'{\n    \"success\": true,\n    \"payment_request\": {\n        \"id\": \"4767c80a49484031a49a62f95e2af51d\",\n        \"phone\": \"+919677034188\",\n        \"email\": \"karthilevel38@gmail.com\",\n        \"buyer_name\": \"Karthick\",\n        \"amount\": \"300.00\",\n        \"purpose\": \"Membership Fee\",\n        \"expires_at\": null,\n        \"status\": \"Pending\",\n        \"send_sms\": false,\n        \"send_email\": false,\n        \"sms_status\": null,\n        \"email_status\": null,\n        \"shorturl\": null,\n        \"longurl\": \"https://www.instamojo.com/@needjobs611/4767c80a49484031a49a62f95e2af51d\",\n        \"redirect_url\": \"https://www.cinemanewfaces.com/Payment.php\",\n        \"webhook\": \"https://www.cinemanewfaces.com/\",\n        \"allow_repeated_payments\": false,\n        \"customer_id\": null,\n        \"created_at\": \"2020-07-15T13:54:23.516862Z\",\n        \"modified_at\": \"2020-07-15T13:54:23.516885Z\"\n    }\n}\n','Success',NULL,'Membership','4767c80a49484031a49a62f95e2af51d','{\n    \"success\": true,\n    \"payment_request\": {\n        \"id\": \"4767c80a49484031a49a62f95e2af51d\",\n        \"phone\": \"+919677034188\",\n        \"email\": \"karthilevel38@gmail.com\",\n        \"buyer_name\": \"Karthick\",\n        \"amount\": \"300.00\",\n        \"purpose\": \"Membership Fee\",\n        \"expires_at\": null,\n        \"status\": \"Completed\",\n        \"send_sms\": false,\n        \"send_email\": false,\n        \"sms_status\": null,\n        \"email_status\": null,\n        \"shorturl\": \"https://imjo.in/rnfwmw\",\n        \"longurl\": \"https://www.instamojo.com/@needjobs611/4767c80a49484031a49a62f95e2af51d\",\n        \"redirect_url\": \"https://www.cinemanewfaces.com/Payment.php\",\n        \"webhook\": \"https://www.cinemanewfaces.com/\",\n        \"payments\": [\n            {\n                \"payment_id\": \"MOJO0715P05D26655168\",\n                \"status\": \"Credit\",\n                \"currency\": \"INR\",\n                \"amount\": \"300.00\",\n                \"buyer_name\": \"Karthick\",\n                \"buyer_phone\": \"+919677034188\",\n                \"buyer_email\": \"karthilevel38@gmail.com\",\n                \"shipping_address\": null,\n                \"shipping_city\": null,\n                \"shipping_state\": null,\n                \"shipping_zip\": null,\n                \"shipping_country\": null,\n                \"quantity\": 1,\n                \"unit_price\": \"300.00\",\n                \"fees\": \"9.00\",\n                \"variants\": [],\n                \"custom_fields\": {},\n                \"affiliate_commission\": \"0\",\n                \"payment_request\": \"https://www.instamojo.com/api/1.1/payment-requests/4767c80a49484031a49a62f95e2af51d/\",\n                \"instrument_type\": \"UPI\",\n                \"billing_instrument\": \"UPI\",\n                \"tax_invoice_id\": \"\",\n                \"failure\": null,\n                \"payout\": null,\n                \"created_at\": \"2020-07-15T13:55:06.873611Z\"\n            }\n        ],\n        \"allow_repeated_payments\": false,\n        \"customer_id\": null,\n        \"created_at\": \"2020-07-15T13:54:23.516862Z\",\n        \"modified_at\": \"2020-07-15T13:56:32.030737Z\"\n    }\n}\n',1,NULL,0),(18,'2020-07-21 11:17:20','300',83,'{\n    \"success\": true,\n    \"payment_request\": {\n        \"id\": \"b8bf3e9bbd394674a6a6fd79fc49a3f1\",\n        \"phone\": \"+917075045152\",\n        \"email\": \"Praveenchinna848@gmail.com\",\n        \"buyer_name\": \"Praveen\",\n        \"amount\": \"300.00\",\n        \"purpose\": \"Membership Fee\",\n        \"expires_at\": null,\n        \"status\": \"Pending\",\n        \"send_sms\": false,\n        \"send_email\": false,\n        \"sms_status\": null,\n        \"email_status\": null,\n        \"shorturl\": null,\n        \"longurl\": \"https://www.instamojo.com/@needjobs611/b8bf3e9bbd394674a6a6fd79fc49a3f1\",\n        \"redirect_url\": \"https://www.cinemanewfaces.com/Payment.php\",\n        \"webhook\": \"https://www.cinemanewfaces.com/\",\n        \"allow_repeated_payments\": false,\n        \"customer_id\": null,\n        \"created_at\": \"2020-07-21T05:47:21.436100Z\",\n        \"modified_at\": \"2020-07-21T05:47:21.436121Z\"\n    }\n}\n',NULL,NULL,'Membership','b8bf3e9bbd394674a6a6fd79fc49a3f1',NULL,0,NULL,0),(19,'2020-07-24 19:38:20','300',84,'{\n    \"success\": false,\n    \"message\": {\n        \"email\": [\n            \"Invalid email address\",\n            \"Enter a valid email address.\"\n        ]\n    }\n}\n','Failure',NULL,'Membership','',NULL,1,NULL,0),(20,'2020-08-08 08:54:24','300',87,'{\n    \"success\": false,\n    \"message\": {\n        \"email\": [\n            \"Invalid email address\",\n            \"Enter a valid email address.\"\n        ]\n    }\n}\n','Failure',NULL,'Membership','',NULL,1,NULL,0),(21,'2020-08-08 08:54:37','300',87,'{\n    \"success\": false,\n    \"message\": {\n        \"email\": [\n            \"Invalid email address\",\n            \"Enter a valid email address.\"\n        ]\n    }\n}\n','Failure',NULL,'Membership','',NULL,1,NULL,0),(22,'2020-08-15 15:21:14','300',91,'{\n    \"success\": true,\n    \"payment_request\": {\n        \"id\": \"37dfbae564be491e86128ec4bffae967\",\n        \"phone\": \"+918248272059\",\n        \"email\": \"damodharan091@gmail.com\",\n        \"buyer_name\": \"Damodharan\",\n        \"amount\": \"300.00\",\n        \"purpose\": \"Membership Fee\",\n        \"expires_at\": null,\n        \"status\": \"Pending\",\n        \"send_sms\": false,\n        \"send_email\": false,\n        \"sms_status\": null,\n        \"email_status\": null,\n        \"shorturl\": null,\n        \"longurl\": \"https://www.instamojo.com/@needjobs611/37dfbae564be491e86128ec4bffae967\",\n        \"redirect_url\": \"https://www.cinemanewfaces.com/Payment.php\",\n        \"webhook\": \"https://www.cinemanewfaces.com/\",\n        \"allow_repeated_payments\": false,\n        \"customer_id\": null,\n        \"created_at\": \"2020-08-15T09:51:14.985923Z\",\n        \"modified_at\": \"2020-08-15T09:51:14.985944Z\"\n    }\n}\n',NULL,NULL,'Membership','37dfbae564be491e86128ec4bffae967',NULL,0,NULL,0);

/*!40101 SET SQL_MODE=@OLD_SQL_MODE */;
/*!40014 SET FOREIGN_KEY_CHECKS=@OLD_FOREIGN_KEY_CHECKS */;
/*!40014 SET UNIQUE_CHECKS=@OLD_UNIQUE_CHECKS */;
/*!40111 SET SQL_NOTES=@OLD_SQL_NOTES */;
